product_id,mpn,brand,manufacturer,product_type,size,quantity,material
PROD-0001,DCB518ASTS06G,Diablo,Freud Inc,Sanding Belts,1/2 in x 18 in,6.0,
PROD-0002,3MABR-7100075678,3M,Jam Industrial Supply LLC,Stikit Film Discs,nan,50.0,
PROD-0003,3MABR-7100045865,3M,Jam Industrial Supply LLC,Stikit Film Discs,nan,50.0,
PROD-0004,3MABR-7100048736,3M,Jam Industrial Supply LLC,Stikit Film Discs,nan,50.0,
PROD-0005,3MABR-7100075690,3M,Jam Industrial Supply LLC,Stikit Film Discs,nan,50.0,
PROD-0006,3MABR-7100075692,3M,Jam Industrial Supply LLC,Stikit Film Discs,nan,50.0,Zirconia
PROD-0007,3MABR-7100145365,3M,Jam Industrial Supply LLC,Stikit Film Discs,nan,50.0,
PROD-0008,5B-332-080,HIOLIT,Mirka Abrasives Inc,Abrasive Sanding Discs,5 in,nan,
PROD-0009,5B-332-120,HIOLIT,Mirka Abrasives Inc,Abrasive Sanding Discs,5 in,nan,
PROD-0010,9A-570-240,Abranet,Mirka Abrasives Inc,Abrasive Mesh Strips,2.75 in x 30 in,nan,
PROD-0011,9A-570-320,Abranet,Mirka Abrasives Inc,Abrasive Mesh Strips,2.75 in x 30 in,nan,
PROD-0012,DBD090094101F,Diablo,Freud Inc,Cut-Off Discs,9 in,nan,
PROD-0013,DBDS12125A01F,Diablo,Freud Inc,Cut-Off Discs,12 in,nan,
PROD-0014,DBDS12125G01F,Diablo,Freud Inc,Cut-Off Discs,3/4 in x 18 in,nan,
PROD-0015,DBDS14125A01F,Diablo,Freud Inc,Cut-Off Discs,14 in,nan,
PROD-0016,DBDS14125G01F,Diablo,Freud Inc,Cut-Off Discs,14 in,nan,
PROD-0017,49-94-0013,Milwaukee,Milwaukee Accessory,Cut-Off Discs,5 in,nan,
PROD-0018,49-94-0029,Milwaukee,Milwaukee Accessory,Cut-Off Discs,6-1/2 in x 1/8 in,nan,
PROD-0019,49-94-0033,Milwaukee,Milwaukee Accessory,Cut-Off Discs,1/16 in x 7/8 in,nan,
PROD-0020,49-94-0001,Milwaukee,Milwaukee Accessory,Cut-Off Discs,4 in,nan,
PROD-0021,49-94-0039,Milwaukee,Milwaukee Accessory,Cut-Off Discs,1/8 in x 5/8 in,nan,
PROD-0022,49-94-0043,Milwaukee,Milwaukee Accessory,Cut-Off Discs,3/32 in x 7/8 in,nan,
PROD-0023,49-94-0048,Milwaukee,Milwaukee Accessory,Cut-Off Discs,7/64 in x 1 in,nan,
PROD-0024,49-94-0053,Milwaukee,Milwaukee Accessory,Cut-Off Discs,1/8 in x 1 in,nan,
PROD-0025,49-94-0058,Milwaukee,Milwaukee Accessory,Cut-Off Discs,1/8 in x 20 in,nan,
PROD-0026,49-94-0063,Milwaukee,Milwaukee Accessory,Cut-Off Discs,7/64 in x 1 in,nan,
PROD-0027,49-94-0068,Milwaukee,Milwaukee Accessory,Cut-Off Discs,1/8 in x 20 in,nan,
PROD-0028,49-94-0073,Milwaukee,Milwaukee Accessory,Cut-Off Discs,1/8 in x 1 in,nan,
PROD-0029,49-94-0101,Milwaukee,Milwaukee Accessory,Cut-Off Discs,4-1/2 in,10.0,
PROD-0030,49-94-0107,Milwaukee,Milwaukee Accessory,Cut-Off Discs,4-1/2 in,nan,
PROD-0031,49-94-0117,Milwaukee,Milwaukee Accessory,Cut-Off Discs,5 in,nan,
PROD-0032,49-94-0123,Milwaukee,Milwaukee Accessory,Cut-Off Discs,6 in,nan,
PROD-0033,49-94-0023,Milwaukee,Milwaukee Accessory,Cut-Off Discs,6 in,nan,
PROD-0034,49-94-0121,Milwaukee,Milwaukee Accessory,Cut-Off Discs,6 in,10.0,
PROD-0035,49-94-0127,Milwaukee,Milwaukee Accessory,Cut-Off Discs,6 in,nan,
PROD-0036,49-94-0137,Milwaukee,Milwaukee Accessory,Cut-Off Discs,3/32 in x 7/8 in,nan,
PROD-0037,49-94-0160,Milwaukee,Milwaukee Accessory,Cut-Off Discs,7/64 in x 1 in,nan,
PROD-0038,49-94-0223,Milwaukee,Milwaukee Accessory,Cut-Off Discs,6 in,nan,
PROD-0039,49-94-0445,Milwaukee,Milwaukee Accessory,Cut-Off Discs,3/32 in x 5/8 in,nan,
PROD-0040,49-94-0803,Milwaukee,Milwaukee Accessory,Cut and Grind Discs,4-1/2 in x 1/8 in,nan,
PROD-0041,49-94-0903,Milwaukee,Milwaukee Accessory,Cut and Grind Discs,4-1/2 in x 1/8 in,nan,
PROD-0042,49-94-0907,Milwaukee,Milwaukee Accessory,Cut and Grind Discs,4-1/2 in x 1/8 in,nan,
PROD-0043,49-94-0923,Milwaukee,Milwaukee Accessory,Cut and Grind Discs,1/8 in x 7/8 in,nan,
PROD-0044,49-94-1900,Milwaukee,Milwaukee Accessory,Cut-Off Discs,1/8 in x 5/8 in,nan,
PROD-0045,49-94-1905,Milwaukee,Milwaukee Accessory,Cut-Off Discs,4-1/2 in x 1/8 in,nan,
PROD-0046,49-94-1915,Milwaukee,Milwaukee Accessory,Cut-Off Discs,6-1/2 in x 1/8 in,nan,
PROD-0047,49-94-1920,Milwaukee,Milwaukee Accessory,Cut-Off Discs,1/8 in x 5/8 in,nan,
PROD-0048,49-94-1925,Milwaukee,Milwaukee Accessory,Cut-Off Discs,1/8 in x 5/8 in,nan,
PROD-0049,49-94-1935,Milwaukee,Milwaukee Accessory,Cut-Off Discs,1/8 in x 1 in,nan,
PROD-0050,49-94-1940,Milwaukee,Milwaukee Accessory,Cut-Off Discs,1/8 in x 1 in,nan,
PROD-0051,49-94-0501,Milwaukee,Milwaukee Accessory,Grinding Wheels,1/4 in x 5/8 in,nan,
PROD-0052,49-94-0503,Milwaukee,Milwaukee Accessory,Grinding Wheels,4-1/2 in x 1/4 in,nan,
PROD-0053,49-94-0523,Milwaukee,Milwaukee Accessory,Grinding Wheels,1/4 in x 7/8 in,nan,
PROD-0054,49-94-1955,Milwaukee,Milwaukee Accessory,Grinding Wheels,4-1/2 in x 1/4 in,nan,
PROD-0055,49-94-1965,Milwaukee,Milwaukee Accessory,Grinding Wheels,1/4 in x 7/8 in,nan,
PROD-0056,49-94-0513,Milwaukee,Milwaukee Accessory,Grinding Wheels,1/4 in x 7/8 in,nan,
PROD-0057,49-94-0533,Milwaukee,Milwaukee Accessory,Grinding Wheels,1/4 in x 7/8 in,nan,
PROD-0058,DFBLBLOMFN01G,Diablo,Freud Inc,Abrasive Sanding Discs,nan,nan,
PROD-0059,1700-1PK-BB40,3M,3 M Co,Electrical Wire & Cable,3/4 in x 60 in,nan,
PROD-0060,ASH-40-40-04,nan,Emseal Joint Systems Ltd,Electrical Wire & Cable,1.5 in x 1.5 in,nan,
PROD-0061,KDFM404KPS,nan,Appliance Dealers Cooperative,Built-In Dishwashers,nan,nan,
PROD-0062,PDSH4816AF,nan,Appliance Dealers Cooperative,Built-In Dishwashers,nan,nan,
PROD-0063,PDT715SYVFS,GE,Appliance Dealers Cooperative,Built-In Dishwashers,nan,nan,
PROD-0064,LDPH5554D,LG,Appliance Dealers Cooperative,Built-In Dishwashers,nan,nan,
PROD-0065,WDTS7024RZ,nan,Appliance Dealers Cooperative,Built-In Dishwashers,nan,nan,
PROD-0066,PDD415PYYFS,GE,Appliance Dealers Cooperative,Built-In Dishwashers,nan,nan,
PROD-0067,KDTS424SBE,KitchenAid,Appliance Dealers Cooperative,Built-In Dishwashers,nan,nan,
PROD-0068,KDTS324SPS,KitchenAid,Appliance Dealers Cooperative,Built-In Dishwashers,nan,nan,
PROD-0069,KDPS624SJP,nan,Appliance Dealers Cooperative,Built-In Dishwashers,nan,nan,
PROD-0070,KDTS624SBE,nan,Appliance Dealers Cooperative,Built-In Dishwashers,nan,nan,
PROD-0071,D519127,nan,V & V Appliance Parts Inc,Microwaves & Ranges,nan,nan,
PROD-0072,DF7004WE,Speed Queen,Appliance Dealers Cooperative,"Washers, Dryers & Laundry Centers",nan,nan,
PROD-0073,DR7004BE,Speed Queen,Appliance Dealers Cooperative,"Washers, Dryers & Laundry Centers",nan,nan,
PROD-0074,DV2000WE,Speed Queen,Appliance Dealers Cooperative,"Washers, Dryers & Laundry Centers",nan,nan,
PROD-0075,DC5004WE,Speed Queen,Appliance Dealers Cooperative,"Washers, Dryers & Laundry Centers",nan,nan,
PROD-0076,DC5004BE,Speed Queen,Appliance Dealers Cooperative,"Washers, Dryers & Laundry Centers",nan,nan,
PROD-0077,WKE100HWA,LG,Appliance Dealers Cooperative,"Washers, Dryers & Laundry Centers",nan,nan,
PROD-0078,FF7011WN,Speed Queen,Appliance Dealers Cooperative,"Washers, Dryers & Laundry Centers",nan,nan,
PROD-0079,PTD70GBPTDG,GE,Appliance Dealers Cooperative,"Washers, Dryers & Laundry Centers",nan,nan,
PROD-0080,PTD70GBSTWS,GE,Appliance Dealers Cooperative,"Washers, Dryers & Laundry Centers",nan,nan,
PROD-0081,DR5004WG,Speed Queen,Appliance Dealers Cooperative,"Washers, Dryers & Laundry Centers",nan,nan,
PROD-0082,DR7004BG,Speed Queen,Appliance Dealers Cooperative,"Washers, Dryers & Laundry Centers",nan,nan,
PROD-0083,DR7004WG,Speed Queen,Appliance Dealers Cooperative,"Washers, Dryers & Laundry Centers",nan,nan,
PROD-0084,DV2000WG,Speed Queen,Appliance Dealers Cooperative,"Washers, Dryers & Laundry Centers",nan,nan,
PROD-0085,DC5004WG,Speed Queen,Appliance Dealers Cooperative,"Washers, Dryers & Laundry Centers",nan,nan,
PROD-0086,DC5004BG,Speed Queen,Appliance Dealers Cooperative,"Washers, Dryers & Laundry Centers",nan,nan,
PROD-0087,PTW705BSTWS,GE,Appliance Dealers Cooperative,"Washers, Dryers & Laundry Centers",nan,nan,
PROD-0088,MVWP586GW,nan,Appliance Dealers Cooperative,"Washers, Dryers & Laundry Centers",nan,nan,
PROD-0089,TV2000WN,Speed Queen,Appliance Dealers Cooperative,"Washers, Dryers & Laundry Centers",nan,nan,
PROD-0090,TC5003BN,Speed Queen,Appliance Dealers Cooperative,"Washers, Dryers & Laundry Centers",nan,nan,
PROD-0091,TR7006WN,Speed Queen,Appliance Dealers Cooperative,"Washers, Dryers & Laundry Centers",nan,nan,
PROD-0092,TR7006BN,Speed Queen,Appliance Dealers Cooperative,"Washers, Dryers & Laundry Centers",nan,nan,
PROD-0093,TR5006WN,Speed Queen,Appliance Dealers Cooperative,"Washers, Dryers & Laundry Centers",nan,nan,
PROD-0094,05134545001,nan,Wera Tools NA Inc,Rotary Tools,nan,nan,
PROD-0095,LNL65301,nan,nan,nan,nan,nan,
PROD-0096,25-A,nan,Rees Cast Stone Company,Lumber & Building Supplies,nan,nan,
PROD-0097,38-E,nan,Rees Cast Stone Company,Lumber & Building Supplies,nan,nan,
PROD-0098,59-J,nan,Rees Cast Stone Company,Lumber & Building Supplies,nan,nan,
PROD-0099,44-A,nan,Rees Cast Stone Company,Lumber & Building Supplies,nan,nan,
PROD-0100,543302126,nan,U S Lumber,Railing & Fence Kits,nan,nan,
PROD-0101,543302146,nan,U S Lumber,Railing & Fence Kits,nan,nan,
PROD-0102,73019603,nan,nan,Railing & Fence Kits,nan,nan,
PROD-0103,73019652,nan,nan,Railing & Fence Kits,nan,nan,
PROD-0104,73019517,nan,nan,Railing & Fence Kits,nan,nan,
PROD-0105,73019602,nan,nan,Railing & Fence Kits,nan,nan,
PROD-0106,73019651,nan,nan,Railing & Fence Kits,nan,nan,Zirconia
PROD-0107,73019516,nan,nan,Railing & Fence Kits,nan,nan,
PROD-0108,543300256,nan,Boise Cascade Building Materials,Railing & Fence Kits,nan,nan,
PROD-0109,543300276,nan,Boise Cascade Building Materials,Railing & Fence Kits,nan,nan,
PROD-0110,73045028,nan,nan,Railing & Fence Kits,nan,nan,
PROD-0111,73045031,nan,nan,Railing & Fence Kits,nan,nan,
PROD-0112,543340126,nan,Boise Cascade Building Materials,Railing & Fence Kits,36 in,nan,
PROD-0113,543340127,nan,Boise Cascade Building Materials,Railing & Fence Kits,36 in,nan,
PROD-0114,543340146,nan,Boise Cascade Building Materials,Railing & Fence Kits,3/4 in x 18 in,nan,
PROD-0115,543340147,nan,Boise Cascade Building Materials,Railing & Fence Kits,36 in,nan,
PROD-0116,ADB15516CS,Azek,Parksite,PVC & Composite Decking,1 in,nan,
PROD-0117,ADB15520CS,Azek,Parksite,PVC & Composite Decking,1 in,nan,
PROD-0118,ADB15516EW,Azek,Parksite,PVC & Composite Decking,1 in,nan,
PROD-0119,ADB15520EW,Azek,Parksite,PVC & Composite Decking,1 in,nan,
PROD-0120,ADB15516MH,Azek,Parksite,PVC & Composite Decking,1 in,nan,
PROD-0121,ADB15520MH,Azek,Parksite,PVC & Composite Decking,1 in,nan,
PROD-0122,ADB15516WT,Azek,Parksite,PVC & Composite Decking,1 in,nan,
PROD-0123,ADB15520WT,Azek,Parksite,PVC & Composite Decking,1 in,nan,
PROD-0124,AGB15512CS,Azek,Parksite,PVC & Composite Decking,1 in,nan,
PROD-0125,AGB15516CS,Azek,Parksite,PVC & Composite Decking,1 in,nan,
PROD-0126,AGB15520CS,Azek,Parksite,PVC & Composite Decking,1 in,nan,
PROD-0127,AGB15512EW,Azek,Parksite,PVC & Composite Decking,1 in,nan,
PROD-0128,AGB15516EW,Azek,Parksite,PVC & Composite Decking,1 in,nan,
PROD-0129,AGB15520EW,Azek,Parksite,PVC & Composite Decking,1 in,nan,
PROD-0130,AGB15512MH,Azek,Parksite,PVC & Composite Decking,1 in,nan,
PROD-0131,AGB15516MH,Azek,Parksite,PVC & Composite Decking,1 in,nan,
PROD-0132,AGB15520MH,Azek,Parksite,PVC & Composite Decking,1 in,nan,
PROD-0133,AGB15512WT,Azek,Parksite,PVC & Composite Decking,1 in,nan,
PROD-0134,AGB15516WT,Azek,Parksite,PVC & Composite Decking,1 in,nan,
PROD-0135,AGB15520WT,Azek,Parksite,PVC & Composite Decking,1 in,nan,
PROD-0136,ADB15516AW,Azek,Parksite,PVC & Composite Decking,1 in,nan,
PROD-0137,ADB15520AW,Azek,Parksite,PVC & Composite Decking,1 in,nan,
PROD-0138,ADB15516CG,Azek,Parksite,PVC & Composite Decking,1 in,nan,
PROD-0139,ADB15520CG,Azek,Parksite,PVC & Composite Decking,1 in,nan,
PROD-0140,ADB15516FW,Azek,Parksite,PVC & Composite Decking,1 in,nan,
PROD-0141,ADB15520FW,Azek,Parksite,PVC & Composite Decking,1 in,nan,
PROD-0142,AGB15512AW,Azek,Parksite,PVC & Composite Decking,1 in,nan,
PROD-0143,AGB15516AW,Azek,Parksite,PVC & Composite Decking,1 in,nan,
PROD-0144,AGB15520AW,Azek,Parksite,PVC & Composite Decking,1 in,nan,
PROD-0145,AGB15512CG,Azek,Parksite,PVC & Composite Decking,1 in,nan,
PROD-0146,AGB15516CG,Azek,Parksite,PVC & Composite Decking,1 in,nan,
PROD-0147,AGB15520CG,Azek,Parksite,PVC & Composite Decking,1 in,nan,
PROD-0148,AGB15512FW,Azek,Parksite,PVC & Composite Decking,1 in,nan,
PROD-0149,AGB15516FW,Azek,Parksite,PVC & Composite Decking,1 in,nan,
PROD-0150,AGB15520FW,Azek,Parksite,PVC & Composite Decking,1 in,nan,
PROD-0151,ADCB15516BS,Azek,Parksite,PVC & Composite Decking,1 in,nan,
PROD-0152,ADCB15520BS,Azek,Parksite,PVC & Composite Decking,1 in,nan,
PROD-0153,ADCB15516SG,Azek,Parksite,PVC & Composite Decking,1 in,nan,
PROD-0154,ADCB15520SG,Azek,Parksite,PVC & Composite Decking,1 in,nan,
PROD-0155,AGB15512BS,Azek,Parksite,PVC & Composite Decking,1 in,nan,
PROD-0156,AGB15516BS,Azek,Parksite,PVC & Composite Decking,1 in,nan,
PROD-0157,AGB15520BS,Azek,Parksite,PVC & Composite Decking,1 in,nan,
PROD-0158,AGB15512SG,Azek,Parksite,PVC & Composite Decking,1 in,nan,
PROD-0159,AGB15516SG,Azek,Parksite,PVC & Composite Decking,1 in,nan,
PROD-0160,AGB15520SG,Azek,Parksite,PVC & Composite Decking,1 in,nan,
PROD-0161,543140016,TREX,U S Lumber,PVC & Composite Decking,nan,nan,
PROD-0162,543140020,TREX,U S Lumber,PVC & Composite Decking,nan,nan,
PROD-0163,543142016,TREX,U S Lumber,PVC & Composite Decking,nan,nan,
PROD-0164,543142020,TREX,U S Lumber,PVC & Composite Decking,nan,nan,
PROD-0165,543144016,TREX,U S Lumber,PVC & Composite Decking,nan,nan,
PROD-0166,543144020,TREX,U S Lumber,PVC & Composite Decking,nan,nan,
PROD-0167,543143016,TREX,U S Lumber,PVC & Composite Decking,nan,nan,
PROD-0168,543143020,TREX,U S Lumber,PVC & Composite Decking,nan,nan,
PROD-0169,543141016,TREX,U S Lumber,PVC & Composite Decking,nan,nan,
PROD-0170,543141020,TREX,U S Lumber,PVC & Composite Decking,nan,nan,
PROD-0171,543140412,TREX,U S Lumber,PVC & Composite Decking,nan,nan,
PROD-0172,543140416,TREX,U S Lumber,PVC & Composite Decking,nan,nan,
PROD-0173,543140420,TREX,U S Lumber,PVC & Composite Decking,nan,nan,
PROD-0174,543142412,TREX,U S Lumber,PVC & Composite Decking,nan,nan,
PROD-0175,543142416,TREX,U S Lumber,PVC & Composite Decking,nan,nan,
PROD-0176,543142420,TREX,U S Lumber,PVC & Composite Decking,nan,nan,
PROD-0177,543144412,TREX,U S Lumber,PVC & Composite Decking,nan,nan,
PROD-0178,543144416,TREX,U S Lumber,PVC & Composite Decking,nan,nan,
PROD-0179,543144420,TREX,U S Lumber,PVC & Composite Decking,nan,nan,
PROD-0180,543143412,TREX,U S Lumber,PVC & Composite Decking,nan,nan,
PROD-0181,543143416,TREX,U S Lumber,PVC & Composite Decking,nan,nan,
PROD-0182,543143420,TREX,U S Lumber,PVC & Composite Decking,nan,nan,
PROD-0183,543141412,TREX,U S Lumber,PVC & Composite Decking,nan,nan,
PROD-0184,543141416,TREX,U S Lumber,PVC & Composite Decking,nan,nan,
PROD-0185,543141420,TREX,U S Lumber,PVC & Composite Decking,nan,nan,
PROD-0186,1513703,TREX,Boise Cascade Building Materials,PVC & Composite Decking,nan,nan,
PROD-0187,1513704,TREX,Boise Cascade Building Materials,PVC & Composite Decking,nan,nan,
PROD-0188,1513705,TREX,Boise Cascade Building Materials,PVC & Composite Decking,nan,nan,
PROD-0189,1513706,TREX,Boise Cascade Building Materials,PVC & Composite Decking,nan,nan,
PROD-0190,1513707,TREX,Boise Cascade Building Materials,PVC & Composite Decking,nan,nan,
PROD-0191,1513708,TREX,Boise Cascade Building Materials,PVC & Composite Decking,nan,nan,
PROD-0192,1513709,TREX,Boise Cascade Building Materials,PVC & Composite Decking,nan,nan,
PROD-0193,1513710,TREX,Boise Cascade Building Materials,PVC & Composite Decking,nan,nan,
PROD-0194,1513711,TREX,Boise Cascade Building Materials,PVC & Composite Decking,nan,nan,
PROD-0195,1513712,TREX,Boise Cascade Building Materials,PVC & Composite Decking,nan,nan,
PROD-0196,1513717,TREX,Boise Cascade Building Materials,PVC & Composite Decking,nan,nan,
PROD-0197,1513718,TREX,Boise Cascade Building Materials,PVC & Composite Decking,nan,nan,
PROD-0198,1513719,TREX,Boise Cascade Building Materials,PVC & Composite Decking,nan,nan,
PROD-0199,1513720,TREX,Boise Cascade Building Materials,PVC & Composite Decking,nan,nan,
PROD-0200,1513721,TREX,Boise Cascade Building Materials,PVC & Composite Decking,nan,nan,
PROD-0201,1513724,TREX,Boise Cascade Building Materials,PVC & Composite Decking,nan,nan,
PROD-0202,1513725,TREX,Boise Cascade Building Materials,PVC & Composite Decking,nan,nan,
PROD-0203,1513726,TREX,Boise Cascade Building Materials,PVC & Composite Decking,nan,nan,
PROD-0204,1513727,TREX,Boise Cascade Building Materials,PVC & Composite Decking,nan,nan,
PROD-0205,1513728,TREX,Boise Cascade Building Materials,PVC & Composite Decking,nan,nan,
PROD-0206,543076016,TREX,Boise Cascade Building Materials,PVC & Composite Decking,nan,nan,Zirconia
PROD-0207,543076020,TREX,Boise Cascade Building Materials,PVC & Composite Decking,nan,nan,
PROD-0208,543076412,TREX,Boise Cascade Building Materials,PVC & Composite Decking,nan,nan,
PROD-0209,543076416,TREX,Boise Cascade Building Materials,PVC & Composite Decking,nan,nan,
PROD-0210,543076420,TREX,Boise Cascade Building Materials,PVC & Composite Decking,nan,nan,
PROD-0211,1516870,TREX,Boise Cascade Building Materials,PVC & Composite Decking,nan,nan,
PROD-0212,1516871,TREX,Boise Cascade Building Materials,PVC & Composite Decking,nan,nan,
PROD-0213,1516872,TREX,Boise Cascade Building Materials,PVC & Composite Decking,nan,nan,
PROD-0214,1516873,TREX,Boise Cascade Building Materials,PVC & Composite Decking,3/4 in x 18 in,nan,
PROD-0215,1516874,TREX,Boise Cascade Building Materials,PVC & Composite Decking,nan,nan,
PROD-0216,1516879,TREX,Boise Cascade Building Materials,PVC & Composite Decking,nan,nan,
PROD-0217,1516880,TREX,Boise Cascade Building Materials,PVC & Composite Decking,nan,nan,
PROD-0218,1516881,TREX,Boise Cascade Building Materials,PVC & Composite Decking,nan,nan,
PROD-0219,1516882,TREX,Boise Cascade Building Materials,PVC & Composite Decking,nan,nan,
PROD-0220,1516883,TREX,Boise Cascade Building Materials,PVC & Composite Decking,nan,nan,
PROD-0221,543005016,TREX,Boise Cascade Building Materials,PVC & Composite Decking,nan,nan,
PROD-0222,543005020,TREX,Boise Cascade Building Materials,PVC & Composite Decking,nan,nan,
PROD-0223,543005412,TREX,Boise Cascade Building Materials,PVC & Composite Decking,nan,nan,
PROD-0224,543005416,TREX,Boise Cascade Building Materials,PVC & Composite Decking,nan,nan,
PROD-0225,543005420,TREX,Boise Cascade Building Materials,PVC & Composite Decking,nan,nan,
PROD-0226,1516891,TREX,Boise Cascade Building Materials,PVC & Composite Decking,nan,nan,
PROD-0227,1516892,TREX,Boise Cascade Building Materials,PVC & Composite Decking,nan,nan,
PROD-0228,1516893,TREX,Boise Cascade Building Materials,PVC & Composite Decking,nan,nan,
PROD-0229,1516894,TREX,Boise Cascade Building Materials,PVC & Composite Decking,nan,nan,
PROD-0230,1516895,TREX,Boise Cascade Building Materials,PVC & Composite Decking,nan,nan,
PROD-0231,543007016,TREX,Boise Cascade Building Materials,PVC & Composite Decking,nan,nan,
PROD-0232,543007020,TREX,Boise Cascade Building Materials,PVC & Composite Decking,nan,nan,
PROD-0233,543007412,TREX,Boise Cascade Building Materials,PVC & Composite Decking,nan,nan,
PROD-0234,543007416,TREX,Boise Cascade Building Materials,PVC & Composite Decking,nan,nan,
PROD-0235,543007420,TREX,Boise Cascade Building Materials,PVC & Composite Decking,nan,nan,
PROD-0236,ADR5117512CS,Azek,Parksite,PVC & Composite Decking,1 in,nan,
PROD-0237,ADR5117512MH,Azek,Parksite,PVC & Composite Decking,1 in,nan,
PROD-0238,ADR5117512WT,Azek,Parksite,PVC & Composite Decking,1 in,nan,
PROD-0239,ADR5117512AW,Azek,Parksite,PVC & Composite Decking,1 in,nan,
PROD-0240,ADR5117512CG,Azek,Parksite,PVC & Composite Decking,1 in,nan,
PROD-0241,ADR5117512FW,Azek,Parksite,nan,1 in,nan,
PROD-0242,1508395,Azek,Parksite,PVC & Composite Decking,1 in,nan,
PROD-0243,1508396,Azek,Parksite,nan,1 in,nan,
PROD-0244,ADCR5117512BS,Azek,Parksite,PVC & Composite Decking,1 in,nan,
PROD-0245,ADCR5117512SG,Azek,Parksite,nan,1 in,nan,
PROD-0246,543140908,TREX,U S Lumber,PVC & Composite Decking,1 in,nan,
PROD-0247,543142908,TREX,U S Lumber,PVC & Composite Decking,1 in,nan,
PROD-0248,543143908,TREX,U S Lumber,PVC & Composite Decking,1 in,nan,
PROD-0249,543140912,TREX,U S Lumber,PVC & Composite Decking,1 in,nan,
PROD-0250,543142912,TREX,U S Lumber,PVC & Composite Decking,1 in,nan,
PROD-0251,543143912,TREX,U S Lumber,PVC & Composite Decking,1 in,nan,
PROD-0252,1513715,TREX,Boise Cascade Building Materials,PVC & Composite Decking,1 in,nan,
PROD-0253,1513716,TREX,Boise Cascade Building Materials,PVC & Composite Decking,1 in,nan,
PROD-0254,1513722,TREX,Boise Cascade Building Materials,PVC & Composite Decking,1 in,nan,
PROD-0255,1513723,TREX,Boise Cascade Building Materials,PVC & Composite Decking,1 in,nan,
PROD-0256,1513729,TREX,Boise Cascade Building Materials,PVC & Composite Decking,1 in,nan,
PROD-0257,1513730,TREX,Boise Cascade Building Materials,PVC & Composite Decking,1 in,nan,
PROD-0258,543076916,TREX,Boise Cascade Building Materials,PVC & Composite Decking,1 in,nan,
PROD-0259,1516876,TREX,Boise Cascade Building Materials,PVC & Composite Decking,1 in,nan,
PROD-0260,543076936,TREX,Boise Cascade Building Materials,PVC & Composite Decking,1 in,nan,
PROD-0261,1516878,TREX,Boise Cascade Building Materials,PVC & Composite Decking,1 in,nan,
PROD-0262,1516884,TREX,Boise Cascade Building Materials,PVC & Composite Decking,1 in,nan,
PROD-0263,1516885,TREX,Boise Cascade Building Materials,PVC & Composite Decking,1 in,nan,
PROD-0264,543005916,TREX,Boise Cascade Building Materials,PVC & Composite Decking,1 in,nan,
PROD-0265,1516902,TREX,Boise Cascade Building Materials,PVC & Composite Decking,1 in,nan,
PROD-0266,543007916,TREX,Boise Cascade Building Materials,PVC & Composite Decking,1 in,nan,
PROD-0267,543005936,TREX,Boise Cascade Building Materials,PVC & Composite Decking,1 in,nan,
PROD-0268,1516905,TREX,Boise Cascade Building Materials,PVC & Composite Decking,1 in,nan,
PROD-0269,543007936,TREX,Boise Cascade Building Materials,PVC & Composite Decking,1 in,nan,
PROD-0270,543144908,TREX,U S Lumber,PVC & Composite Decking,1 in,nan,
PROD-0271,543141908,TREX,U S Lumber,PVC & Composite Decking,1 in,nan,
PROD-0272,543144912,TREX,U S Lumber,PVC & Composite Decking,1 in,nan,
PROD-0273,543141912,TREX,U S Lumber,PVC & Composite Decking,1 in,nan,
PROD-0274,1513713,TREX,Boise Cascade Building Materials,PVC & Composite Decking,1 in,nan,
PROD-0275,1513714,TREX,Boise Cascade Building Materials,PVC & Composite Decking,1 in,nan,
PROD-0276,73012503,nan,nan,nan,nan,nan,
PROD-0277,73018131,nan,nan,nan,nan,4.0,
PROD-0278,73018091,nan,nan,nan,nan,nan,
PROD-0279,73018066,nan,nan,nan,nan,4.0,
PROD-0280,73018076,nan,nan,nan,nan,nan,
PROD-0281,61109087,nan,nan,nan,nan,nan,
PROD-0282,73018731,nan,nan,Railing & Fence Kits,nan,nan,
PROD-0283,61109090,nan,nan,Railing & Fence Kits,nan,nan,
PROD-0284,73053603,nan,nan,Railing & Fence Kits,nan,nan,
PROD-0285,73053608,nan,nan,Railing & Fence Kits,nan,nan,
PROD-0286,543340896,nan,Boise Cascade Building Materials,Railing & Fence Kits,37 in,nan,
PROD-0287,543340898,nan,Boise Cascade Building Materials,Railing & Fence Kits,43 in,nan,
PROD-0288,73272TBK,DSI Westbury,Palmer Donavin Mfg Company,nan,6 in,nan,
PROD-0289,543302127,nan,U S Lumber,Railing & Fence Kits,nan,nan,
PROD-0290,543302147,nan,U S Lumber,Railing & Fence Kits,nan,nan,
PROD-0291,73019599,nan,nan,Railing & Fence Kits,nan,nan,
PROD-0292,73019648,nan,nan,Railing & Fence Kits,nan,nan,
PROD-0293,73019598,nan,nan,Railing & Fence Kits,nan,nan,
PROD-0294,73019647,nan,nan,Railing & Fence Kits,nan,nan,
PROD-0295,543300257,nan,Boise Cascade Building Materials,Railing & Fence Kits,nan,nan,
PROD-0296,543300277,nan,Boise Cascade Building Materials,Railing & Fence Kits,nan,nan,
PROD-0297,SPB-44BPL,nan,nan,nan,4 in,nan,
PROD-0298,925219,DSI Westbury,Palmer Donavin Mfg Company,Electrical Wire & Cable,2 in,nan,
PROD-0299,27233,AJM,A J Manufacturing Inc,nan,nan,nan,
PROD-0300,1517602,United Window & Door,United Window & Door Manufacturing,Lumber & Building Supplies,nan,nan,
PROD-0301,1517603,United Window & Door,United Window & Door Manufacturing,Lumber & Building Supplies,nan,nan,
PROD-0302,1517604,United Window & Door,United Window & Door Manufacturing,Lumber & Building Supplies,nan,nan,
PROD-0303,1517605,United Window & Door,United Window & Door Manufacturing,Lumber & Building Supplies,nan,nan,
PROD-0304,FS C01 2004S,nan,Velux America Inc,nan,21 in,nan,
PROD-0305,FS C04 2004S,nan,Velux America Inc,nan,21 in,nan,
PROD-0306,FS C06 2004S,nan,Velux America Inc,nan,21 in,nan,Zirconia
PROD-0307,1501831,PROVIA,ProVia,nan,31.5 in x 14.75 in,nan,
PROD-0308,1501832,PROVIA,ProVia,nan,31.5 in x 22.75 in,nan,
PROD-0309,1515974,nan,nan,nan,nan,nan,
PROD-0310,640383,nan,Certainteed Gypsum,nan,1/2 in,nan,
PROD-0311,653258,nan,Certainteed Gypsum,nan,5/8 in,nan,
PROD-0312,413S-DBA-36,HAGER,Hager Hinge Co,nan,36 in,nan,
PROD-0313,413S-DBA-72,HAGER,Hager Hinge Co,nan,72 in,nan,
PROD-0314,1511506,nan,Huber Eng Wood LLC,Lumber & Building Supplies,3/4 in x 18 in,nan,
PROD-0315,1513577,COMMODITY - UNBRANDED,Westwood Lumber Sales,Lumber & Building Supplies,1 in,nan,
PROD-0316,1513578,COMMODITY - UNBRANDED,Westwood Lumber Sales,Lumber & Building Supplies,1 in,nan,
PROD-0317,1513579,COMMODITY - UNBRANDED,Westwood Lumber Sales,Lumber & Building Supplies,1 in,nan,
PROD-0318,1513580,COMMODITY - UNBRANDED,Westwood Lumber Sales,Lumber & Building Supplies,1 in,nan,
PROD-0319,1501767,nan,nan,Lumber & Building Supplies,3/4 in,nan,
PROD-0320,PP-8BL,nan,Premier Metals,nan,nan,nan,
PROD-0321,PP-10BL,nan,Premier Metals,nan,nan,nan,
PROD-0322,PP-12BL,nan,Premier Metals,nan,nan,nan,
PROD-0323,PP-8CH,nan,Premier Metals,Electrical Wire & Cable,nan,nan,
PROD-0324,PP-10CH,nan,Premier Metals,nan,nan,nan,
PROD-0325,PP-12CH,nan,Premier Metals,nan,nan,nan,
PROD-0326,PP-8WH,nan,Premier Metals,nan,nan,nan,
PROD-0327,PP-10WH,nan,Premier Metals,nan,nan,nan,
PROD-0328,1504345,DSI Westbury,Palmer Donavin Mfg Company,nan,nan,nan,
PROD-0329,2733,DSI Westbury,Palmer Donavin Mfg Company,nan,3 ft,nan,
PROD-0330,7547,nan,nan,Heated Workwear & Gear,nan,nan,
PROD-0331,8912220,nan,Boise Cascade Building Materials,"Building, Decking & Railing Materials",7-1/4 in x 12 in,nan,
PROD-0332,8904015,nan,Boise Cascade Building Materials,"Building, Decking & Railing Materials",4 ft,nan,
PROD-0333,25796,nan,U S Lumber,Lumber & Structural Panels,6 in,nan,
PROD-0334,40503,nan,U S Lumber,PVC & Composite Decking,3/8 in,nan,
PROD-0335,25825,nan,U S Lumber,Lumber & Building Supplies,3/8 in,nan,
PROD-0336,25822,nan,U S Lumber,Lumber & Structural Panels,3/8 in,nan,
PROD-0337,543650101,TREX,Boise Cascade Building Materials,"Building, Decking & Railing Materials",nan,nan,
PROD-0338,543650010,TREX,Boise Cascade Building Materials,"Building, Decking & Railing Materials",nan,nan,
PROD-0339,543650048,TREX,Boise Cascade Building Materials,Railing & Fence Kits,nan,nan,
PROD-0340,1506969,nan,nan,nan,1-1/2 in,nan,
PROD-0341,1514681,nan,nan,nan,1 in,nan,
PROD-0342,1514726,nan,nan,nan,2 in,nan,
PROD-0343,1728ABL,DSI Westbury,Palmer Donavin Mfg Company,nan,nan,nan,
PROD-0344,402-R,nan,MillerTech Energy Solutions,Batteries & Chargers,nan,nan,
PROD-0345,SL1672,nan,nan,nan,nan,nan,
PROD-0346,BM-DW20-YLW-6,DEWALT,Metalmark Industrial Inc,Batteries & Chargers,nan,6.0,
PROD-0347,BHA1-UPC,Southwire,Southwire/g Turner,Electrical Boxes & Wiring,nan,nan,
PROD-0348,G1941-UPC,Southwire,Southwire/g Turner,Electrical Boxes & Wiring,4 in,nan,
PROD-0349,G1950-UPC,Southwire,Southwire/g Turner,Electrical Boxes & Covers,nan,nan,
PROD-0350,A410RCAR,Carlon,Thomas & Betts,Electrical Boxes & Covers,nan,nan,
PROD-0351,G1951-UPC,Southwire,Southwire/g Turner,Electrical Boxes & Covers,nan,nan,
PROD-0352,52C3-5/8-UPC,Southwire,Southwire/g Turner,Electrical Boxes & Covers,nan,nan,
PROD-0353,52C14-5/8-UPC,Southwire,Southwire/g Turner,Electrical Boxes & Covers,nan,nan,
PROD-0354,52C3-UPC,Southwire,Southwire/g Turner,Electrical Boxes & Covers,nan,nan,
PROD-0355,54151-F-UPC,Southwire,Southwire/g Turner,Electrical Boxes & Covers,nan,nan,
PROD-0356,54151-HUR-UPC,Southwire,Southwire/g Turner,Electrical Boxes & Covers,nan,nan,
PROD-0357,54151-JR-UPC,Southwire,Southwire/g Turner,Electrical Boxes & Covers,nan,nan,
PROD-0358,54171-R-UPC,Southwire,Southwire/g Turner,Electrical Boxes & Covers,nan,nan,
PROD-0359,52151-S-UPC,Southwire,Southwire/g Turner,Electrical Boxes & Wiring,nan,nan,
PROD-0360,72171-3/4-1W-UPC,Southwire,Southwire/g Turner,Electrical Boxes & Covers,4-1/2 in x 4-1/2 in,nan,
PROD-0361,5522-5EV,nan,Cooper Wiring Devices,Electrical Boxes & Wiring,nan,nan,
PROD-0362,AYCL-153PH-LA,nan,Fenton Bros Electric Inc,Electrical Wire & Cable,nan,nan,
PROD-0363,AYCL-153PH-WH,nan,Fenton Bros Electric Inc,Electrical Wire & Cable,nan,nan,
PROD-0364,D23LP-R02-1RW,Leviton,Leviton Mfg Co,nan,nan,nan,
PROD-0365,TNOCD002,Prime,Prime Wire & Cable,Electrical Wire & Cable,nan,nan,
PROD-0366,TNDHD002,Prime,Prime Wire & Cable,Electrical Wire & Cable,nan,nan,
PROD-0367,TNIDP12,Prime,Prime Wire & Cable,Electrical Wire & Cable,nan,nan,
PROD-0368,TNIW24,Prime,Prime Wire & Cable,Electrical Wire & Cable,nan,nan,
PROD-0369,65-1222,Satco,Satco Prod Inc,Light Bulbs,nan,nan,
PROD-0370,65-1224,Satco,Satco Prod Inc,Lighting & Electrical Supplies,nan,nan,
PROD-0371,45297BK,nan,Kichler Lighting,Wall Sconces & Bath Lights,nan,nan,
PROD-0372,45573BK,nan,Kichler Lighting,Wall Sconces & Bath Lights,nan,nan,
PROD-0373,37418A,nan,Kichler Lighting,Wall Sconces & Bath Lights,nan,nan,
PROD-0374,37423A,nan,Kichler Lighting,Wall Sconces & Bath Lights,nan,nan,
PROD-0375,45496BKCLR,nan,Kichler Lighting,Wall Sconces & Bath Lights,nan,nan,
PROD-0376,45973BK,nan,Kichler Lighting,Wall Sconces & Bath Lights,nan,nan,
PROD-0377,55155BK,nan,Kichler Lighting,Wall Sconces & Bath Lights,nan,nan,
PROD-0378,55157CPZ,nan,Kichler Lighting,Wall Sconces & Bath Lights,nan,nan,
PROD-0379,55184BK,nan,Kichler Lighting,Wall Sconces & Bath Lights,nan,nan,
PROD-0380,55185BK,nan,Kichler Lighting,Wall Sconces & Bath Lights,nan,nan,
PROD-0381,55186CH,nan,Kichler Lighting,Wall Sconces & Bath Lights,nan,nan,
PROD-0382,55210NI,nan,Kichler Lighting,Wall Sconces & Bath Lights,nan,nan,
PROD-0383,55211BK,nan,Kichler Lighting,Wall Sconces & Bath Lights,nan,nan,
PROD-0384,55211NI,nan,Kichler Lighting,Wall Sconces & Bath Lights,nan,nan,
PROD-0385,55212NI,nan,Kichler Lighting,Wall Sconces & Bath Lights,nan,nan,
PROD-0386,55226BKLFU,nan,Kichler Lighting,Wall Sconces & Bath Lights,nan,nan,
PROD-0387,55239CPZLED,nan,Kichler Lighting,Wall Sconces & Bath Lights,nan,nan,
PROD-0388,44072DBK,nan,Kichler Lighting,Lighting & Electrical Supplies,nan,nan,
PROD-0389,44073NI,nan,Kichler Lighting,Lighting & Electrical Supplies,nan,nan,
PROD-0390,52033BK,nan,Kichler Lighting,Lighting & Electrical Supplies,nan,nan,
PROD-0391,84322WH,nan,Kichler Lighting,Lighting & Electrical Supplies,nan,nan,
PROD-0392,52404BK,nan,Kichler Lighting,Lighting & Electrical Supplies,nan,nan,
PROD-0393,34686A,nan,Kichler Lighting,Lighting & Electrical Supplies,nan,nan,
PROD-0394,34687A,nan,Kichler Lighting,Lighting & Electrical Supplies,nan,nan,
PROD-0395,34688A,nan,nan,Chandeliers & Pendant Lights,nan,nan,
PROD-0396,43671BKCLR,nan,Kichler Lighting,Lighting & Electrical Supplies,nan,nan,
PROD-0397,52616BK,nan,Kichler Lighting,Lighting & Electrical Supplies,nan,nan,
PROD-0398,52616NI,nan,Kichler Lighting,Lighting & Electrical Supplies,nan,nan,
PROD-0399,52678BK,nan,Kichler Lighting,Lighting & Electrical Supplies,nan,nan,
PROD-0400,52680CPZ,nan,Kichler Lighting,Lighting & Electrical Supplies,nan,nan,
PROD-0401,52772BK,nan,Kichler Lighting,Lighting & Electrical Supplies,nan,nan,
PROD-0402,82399,nan,Kichler Lighting,Lighting & Electrical Supplies,nan,nan,
PROD-0403,65-771R3,Satco,Satco Prod Inc,Light Bulbs,nan,nan,
PROD-0404,42955BK,nan,Kichler Lighting,Chandeliers & Pendant Lights,nan,nan,
PROD-0405,42275BK,nan,Kichler Lighting,Chandeliers & Pendant Lights,nan,nan,
PROD-0406,62-1850,Satco,Satco Prod Inc,Chandeliers & Pendant Lights,11 in,nan,Zirconia
PROD-0407,62-1852,Satco,Satco Prod Inc,Chandeliers & Pendant Lights,14 in,nan,
PROD-0408,62-1875,Satco,Satco Prod Inc,Chandeliers & Pendant Lights,10 in,nan,
PROD-0409,62-1876,Satco,Satco Prod Inc,Chandeliers & Pendant Lights,13 in,nan,
PROD-0410,42296BK,nan,Kichler Lighting,Chandeliers & Pendant Lights,nan,nan,
PROD-0411,43913BK,nan,Kichler Lighting,Chandeliers & Pendant Lights,nan,nan,
PROD-0412,HLSMS9129FS1E,nan,Cooper Lighting,Lighting & Electrical Supplies,9 in,nan,
PROD-0413,64-110,Satco,Satco Prod Inc,Electrical Wire & Cable,nan,nan,
PROD-0414,603571,nan,Phillips Lighting,Lighting & Electrical Supplies,3/4 in x 18 in,nan,
PROD-0415,65-572R1,Satco,Satco Prod Inc,nan,nan,nan,
PROD-0416,52476AVI,nan,Kichler Lighting,Chandeliers & Pendant Lights,nan,nan,
PROD-0417,42199BK,nan,Kichler Lighting,Chandeliers & Pendant Lights,nan,nan,
PROD-0418,42199BKCS,nan,Kichler Lighting,Chandeliers & Pendant Lights,nan,nan,
PROD-0419,42200BK,nan,Kichler Lighting,Chandeliers & Pendant Lights,nan,nan,
PROD-0420,42200BKCS,nan,Kichler Lighting,Chandeliers & Pendant Lights,nan,nan,
PROD-0421,43851BK,nan,Kichler Lighting,Chandeliers & Pendant Lights,nan,nan,
PROD-0422,43852BK,nan,Kichler Lighting,Chandeliers & Pendant Lights,nan,nan,
PROD-0423,43853BK,nan,Kichler Lighting,Chandeliers & Pendant Lights,nan,nan,
PROD-0424,43905BK,nan,Kichler Lighting,Chandeliers & Pendant Lights,nan,nan,
PROD-0425,43911BK,nan,Kichler Lighting,Chandeliers & Pendant Lights,nan,nan,
PROD-0426,52529BK,nan,Kichler Lighting,Chandeliers & Pendant Lights,nan,nan,
PROD-0427,52662BKCLR,nan,Kichler Lighting,Chandeliers & Pendant Lights,nan,nan,
PROD-0428,52734CPZ,nan,Kichler Lighting,Chandeliers & Pendant Lights,nan,nan,
PROD-0429,82400,nan,Kichler Lighting,Chandeliers & Pendant Lights,nan,nan,
PROD-0430,S11606,Satco,Satco Prod Inc,nan,8 in,nan,
PROD-0431,S11828,Satco,Satco Prod Inc,Chandeliers & Pendant Lights,8 in,nan,
PROD-0432,801274,nan,Phillips Lighting,Lighting & Electrical Supplies,6 in,nan,
PROD-0433,S11860,Satco,Satco Prod Inc,Lighting & Electrical Supplies,6 in,nan,
PROD-0434,S11562,Satco,Satco Prod Inc,Lighting & Electrical Supplies,6 in,nan,
PROD-0435,S11646,Satco,Satco Prod Inc,Lighting & Electrical Supplies,6 in,nan,
PROD-0436,S11801R1,Satco,Satco Prod Inc,Lighting & Electrical Supplies,6 in,nan,
PROD-0437,S11848,Satco,Satco Prod Inc,Chandeliers & Pendant Lights,10 in,nan,
PROD-0438,S11849,Satco,Satco Prod Inc,Chandeliers & Pendant Lights,12 in,nan,
PROD-0439,HLBSL609FS5,nan,Cooper Lighting,Chandeliers & Pendant Lights,6 in,nan,
PROD-0440,WF4REGSWW590CRIMW,nan,Lithonia Lighting,Chandeliers & Pendant Lights,4 in,nan,
PROD-0441,43849WH5CCT,nan,Kichler Lighting,Chandeliers & Pendant Lights,nan,nan,
PROD-0442,62-1777,Satco,Satco Prod Inc,Chandeliers & Pendant Lights,15 in,nan,
PROD-0443,62-1778,Satco,Satco Prod Inc,Chandeliers & Pendant Lights,19 in,nan,
PROD-0444,62-1784,Satco,Satco Prod Inc,Chandeliers & Pendant Lights,nan,nan,
PROD-0445,62-1787,Satco,Satco Prod Inc,Chandeliers & Pendant Lights,15 in,nan,
PROD-0446,62-1788,Satco,Satco Prod Inc,Chandeliers & Pendant Lights,19 in,nan,
PROD-0447,SHOP/4X2/840/V1,Feit Electric,Feit Electric,Light Bulbs,nan,nan,
PROD-0448,45495BKCLR,nan,Kichler Lighting,Wall Sconces & Bath Lights,nan,nan,
PROD-0449,55209NI,nan,Kichler Lighting,Wall Sconces & Bath Lights,nan,nan,
PROD-0450,65-1210,Satco,Satco Prod Inc,nan,nan,nan,
PROD-0451,65-1211,Satco,Satco Prod Inc,Lighting & Electrical Supplies,nan,nan,
PROD-0452,141465,nan,Phillips Lighting,Lighting & Electrical Supplies,18 in,nan,
PROD-0453,391227,nan,Phillips Lighting,Lighting & Electrical Supplies,12 in,nan,
PROD-0454,392225,nan,Phillips Lighting,Lighting & Electrical Supplies,8 in,nan,
PROD-0455,S3539,Satco,Satco Prod Inc,nan,nan,nan,
PROD-0456,S3496,Satco,Satco Prod Inc,nan,nan,nan,
PROD-0457,467316,nan,Phillips Lighting,Lighting & Electrical Supplies,nan,nan,
PROD-0458,S3709,Satco,Satco Prod Inc,nan,nan,nan,
PROD-0459,S4720,Satco,Satco Prod Inc,nan,nan,nan,
PROD-0460,S3720,Satco,Satco Prod Inc,nan,nan,nan,
PROD-0461,S3702,Satco,Satco Prod Inc,nan,nan,nan,
PROD-0462,S3703,Satco,Satco Prod Inc,nan,nan,nan,
PROD-0463,S3797,Satco,Satco Prod Inc,LED Light Bulbs,nan,2.0,
PROD-0464,S4724,Satco,Satco Prod Inc,LED Light Bulbs,nan,4.0,
PROD-0465,S4717,Satco,Satco Prod Inc,LED Light Bulbs,nan,2.0,
PROD-0466,S3794,Satco,Satco Prod Inc,nan,nan,nan,
PROD-0467,S3795,Satco,Satco Prod Inc,nan,nan,nan,
PROD-0468,S4726,Satco,Satco Prod Inc,LED Light Bulbs,nan,4.0,
PROD-0469,S11429,Satco,Satco Prod Inc,LED Light Bulbs,nan,nan,
PROD-0470,S21354,Satco,Satco Prod Inc,nan,nan,nan,
PROD-0471,S21363,Satco,Satco Prod Inc,nan,nan,nan,
PROD-0472,S11445,Satco,Satco Prod Inc,LED Light Bulbs,nan,nan,
PROD-0473,567313,nan,Phillips Lighting,Lighting & Electrical Supplies,nan,3.0,
PROD-0474,586875,nan,Phillips Lighting,LED Light Bulbs,nan,4.0,
PROD-0475,576355,nan,Phillips Lighting,LED Light Bulbs,nan,nan,
PROD-0476,576363,nan,Phillips Lighting,LED Light Bulbs,nan,nan,
PROD-0477,565374,nan,Phillips Lighting,LED Light Bulbs,nan,4.0,
PROD-0478,565390,nan,Phillips Lighting,LED Light Bulbs,nan,4.0,
PROD-0479,576371,nan,Phillips Lighting,LED Light Bulbs,nan,nan,
PROD-0480,576496,nan,Phillips Lighting,Lighting & Electrical Supplies,nan,nan,
PROD-0481,564856,nan,Phillips Lighting,LED Light Bulbs,nan,2.0,
PROD-0482,565796,nan,Phillips Lighting,LED Light Bulbs,nan,nan,
PROD-0483,576389,nan,Phillips Lighting,LED Light Bulbs,nan,nan,
PROD-0484,564492,nan,Phillips Lighting,Lighting & Electrical Supplies,nan,3.0,
PROD-0485,603449,nan,Phillips Lighting,LED Light Bulbs,nan,nan,
PROD-0486,586909,nan,Phillips Lighting,Lighting & Electrical Supplies,nan,nan,
PROD-0487,566364,nan,Phillips Lighting,LED Light Bulbs,nan,4.0,
PROD-0488,576397,nan,Phillips Lighting,Lighting & Electrical Supplies,nan,nan,
PROD-0489,571497,nan,Phillips Lighting,LED Light Bulbs,nan,nan,
PROD-0490,576306,nan,Phillips Lighting,Lighting & Electrical Supplies,nan,4.0,
PROD-0491,588533,nan,Phillips Lighting,LED Light Bulbs,nan,3.0,
PROD-0492,576520,nan,Phillips Lighting,LED Light Bulbs,nan,nan,
PROD-0493,574004,nan,Phillips Lighting,LED Light Bulbs,nan,2.0,
PROD-0494,574012,nan,Phillips Lighting,LED Light Bulbs,nan,2.0,
PROD-0495,573971,nan,Phillips Lighting,LED Light Bulbs,nan,4.0,
PROD-0496,573989,nan,Phillips Lighting,LED Light Bulbs,nan,4.0,
PROD-0497,576769,nan,Phillips Lighting,Lighting & Electrical Supplies,nan,nan,
PROD-0498,567446,nan,Phillips Lighting,LED Light Bulbs,nan,3.0,
PROD-0499,573997,nan,Phillips Lighting,LED Light Bulbs,nan,4.0,
PROD-0500,571463,nan,Phillips Lighting,Lighting & Electrical Supplies,nan,nan,
PROD-0501,576512,nan,Phillips Lighting,Lighting & Electrical Supplies,nan,nan,
PROD-0502,581181,nan,Phillips Lighting,LED Light Bulbs,nan,2.0,
PROD-0503,GT-CB-100C,GT-Lite,Keystone,Light Bulbs,nan,nan,
PROD-0504,566430,nan,Phillips Lighting,LED Light Bulbs,nan,4.0,
PROD-0505,568337,nan,Phillips Lighting,Lighting & Electrical Supplies,nan,nan,
PROD-0506,565788,nan,Phillips Lighting,Lighting & Electrical Supplies,nan,nan,Zirconia
PROD-0507,565770,nan,Phillips Lighting,Lighting & Electrical Supplies,nan,nan,
PROD-0508,573436,nan,Phillips Lighting,LED Light Bulbs,nan,2.0,
PROD-0509,576538,nan,Phillips Lighting,Lighting & Electrical Supplies,nan,nan,
PROD-0510,573451,nan,Phillips Lighting,LED Light Bulbs,nan,2.0,
PROD-0511,586883,nan,Phillips Lighting,Lighting & Electrical Supplies,nan,2.0,
PROD-0512,586859,nan,Phillips Lighting,LED Light Bulbs,nan,nan,
PROD-0513,576488,nan,Phillips Lighting,Lighting & Electrical Supplies,nan,nan,
PROD-0514,575217,nan,Phillips Lighting,LED Light Bulbs,3/4 in x 18 in,2.0,
PROD-0515,586479,nan,Phillips Lighting,LED Light Bulbs,nan,nan,
PROD-0516,571471,nan,Phillips Lighting,Lighting & Electrical Supplies,nan,nan,
PROD-0517,570762,nan,Phillips Lighting,Lighting & Electrical Supplies,nan,3.0,
PROD-0518,533352,nan,Phillips Lighting,LED Light Bulbs,nan,nan,
PROD-0519,573519,nan,Phillips Lighting,Lighting & Electrical Supplies,nan,2.0,
PROD-0520,573378,nan,Phillips Lighting,LED Light Bulbs,nan,3.0,
PROD-0521,565622,nan,Phillips Lighting,LED Light Bulbs,nan,nan,
PROD-0522,586891,nan,Phillips Lighting,Lighting & Electrical Supplies,nan,nan,
PROD-0523,585448,nan,Phillips Lighting,Light Bulbs,nan,nan,
PROD-0524,573444,nan,Phillips Lighting,LED Light Bulbs,nan,2.0,
PROD-0525,566687,nan,Phillips Lighting,Light Bulbs,nan,3.0,
PROD-0526,564385,nan,Phillips Lighting,LED Light Bulbs,nan,2.0,
PROD-0527,566661,nan,Phillips Lighting,LED Light Bulbs,nan,3.0,
PROD-0528,564898,nan,Phillips Lighting,Light Bulbs,nan,3.0,
PROD-0529,538319,nan,Phillips Lighting,LED Light Bulbs,nan,3.0,
PROD-0530,576009,nan,Phillips Lighting,Lighting & Electrical Supplies,nan,nan,
PROD-0531,564450,nan,Phillips Lighting,LED Light Bulbs,nan,2.0,
PROD-0532,572669,nan,Phillips Lighting,LED Light Bulbs,nan,nan,
PROD-0533,564906,nan,Phillips Lighting,LED Light Bulbs,nan,2.0,
PROD-0534,573410,nan,Phillips Lighting,Lighting & Electrical Supplies,nan,2.0,
PROD-0535,576504,nan,Phillips Lighting,Lighting & Electrical Supplies,nan,nan,
PROD-0536,576017,nan,Phillips Lighting,Lighting & Electrical Supplies,nan,nan,
PROD-0537,574392,nan,Phillips Lighting,Lighting & Electrical Supplies,nan,3.0,
PROD-0538,576751,nan,Phillips Lighting,Lighting & Electrical Supplies,nan,3.0,
PROD-0539,583161,nan,Phillips Lighting,Lighting & Electrical Supplies,nan,3.0,
PROD-0540,566695,nan,Phillips Lighting,LED Light Bulbs,nan,3.0,
PROD-0541,577007,nan,Phillips Lighting,LED Light Bulbs,nan,nan,
PROD-0542,566653,nan,Phillips Lighting,LED Light Bulbs,nan,3.0,
PROD-0543,566679,nan,Phillips Lighting,LED Light Bulbs,nan,3.0,
PROD-0544,573311,nan,Phillips Lighting,LED Light Bulbs,nan,2.0,
PROD-0545,573394,nan,Phillips Lighting,LED Light Bulbs,nan,2.0,
PROD-0546,573329,nan,Phillips Lighting,Light Bulbs,nan,2.0,
PROD-0547,564930,nan,Phillips Lighting,Light Bulbs,nan,3.0,
PROD-0548,565000,nan,Phillips Lighting,LED Light Bulbs,nan,2.0,
PROD-0549,564922,nan,Phillips Lighting,LED Light Bulbs,nan,3.0,
PROD-0550,573295,nan,Phillips Lighting,LED Light Bulbs,nan,2.0,
PROD-0551,564914,nan,Phillips Lighting,Lighting & Electrical Supplies,nan,2.0,
PROD-0552,573485,nan,Phillips Lighting,LED Light Bulbs,nan,2.0,
PROD-0553,573337,nan,Phillips Lighting,Lighting & Electrical Supplies,nan,2.0,
PROD-0554,544874,nan,Phillips Lighting,Light Bulbs,nan,nan,
PROD-0555,570846,nan,Phillips Lighting,LED Light Bulbs,nan,2.0,
PROD-0556,565473,nan,Phillips Lighting,LED Light Bulbs,nan,2.0,
PROD-0557,573402,nan,Phillips Lighting,LED Light Bulbs,nan,2.0,
PROD-0558,573352,nan,Phillips Lighting,LED Light Bulbs,nan,2.0,
PROD-0559,573428,nan,Phillips Lighting,Lighting & Electrical Supplies,nan,2.0,
PROD-0560,573386,nan,Phillips Lighting,LED Light Bulbs,nan,2.0,
PROD-0561,564948,nan,Phillips Lighting,LED Light Bulbs,nan,3.0,
PROD-0562,573303,nan,Phillips Lighting,LED Light Bulbs,nan,2.0,
PROD-0563,573188,nan,Phillips Lighting,Lighting & Electrical Supplies,nan,nan,
PROD-0564,573469,nan,Phillips Lighting,Lighting & Electrical Supplies,nan,2.0,
PROD-0565,565671,nan,Phillips Lighting,LED Light Bulbs,nan,nan,
PROD-0566,573204,nan,Phillips Lighting,LED Light Bulbs,nan,nan,
PROD-0567,581199,nan,Phillips Lighting,LED Light Bulbs,nan,2.0,
PROD-0568,565887,nan,Phillips Lighting,LED Light Bulbs,nan,nan,
PROD-0569,586867,nan,Phillips Lighting,LED Light Bulbs,nan,nan,
PROD-0570,568451,nan,Phillips Lighting,LED Light Bulbs,nan,2.0,
PROD-0571,568444,nan,Phillips Lighting,Lighting & Electrical Supplies,nan,2.0,
PROD-0572,573196,nan,Phillips Lighting,LED Light Bulbs,nan,nan,
PROD-0573,564500,nan,Phillips Lighting,Lighting & Electrical Supplies,nan,3.0,
PROD-0574,571513,nan,Phillips Lighting,LED Light Bulbs,nan,nan,
PROD-0575,588566,nan,Phillips Lighting,LED Light Bulbs,nan,3.0,
PROD-0576,565655,nan,Phillips Lighting,Lighting & Electrical Supplies,nan,nan,
PROD-0577,565812,nan,Phillips Lighting,Lighting & Electrical Supplies,nan,nan,
PROD-0578,586917,nan,Phillips Lighting,LED Light Bulbs,nan,2.0,
PROD-0579,46719,nan,Maxsa Innovations,Wall Sconces & Bath Lights,nan,nan,
PROD-0580,59061BSL,nan,Kichler Lighting,Wall Sconces & Bath Lights,nan,nan,
PROD-0581,59062BSL,nan,Kichler Lighting,Wall Sconces & Bath Lights,nan,nan,
PROD-0582,59124BKT,nan,Kichler Lighting,Wall Sconces & Bath Lights,nan,nan,
PROD-0583,59025BK,nan,Kichler Lighting,Lighting & Electrical Supplies,nan,nan,
PROD-0584,DCL183,DEWALT,Black & Decker/dewlt,Light Bulbs,nan,nan,
PROD-0585,73020,nan,Streamlight,Light Bulbs,nan,nan,
PROD-0586,NEB-FLT-1021,King Industrial,ACG Brands,Stikit Film Discs,nan,nan,
PROD-0587,NEB-FLT-0053,King Industrial,ACG Brands,Light Bulbs,nan,nan,
PROD-0588,97708,Police Security,Police Security,Lighting & Electrical Supplies,nan,nan,
PROD-0589,WORK6000XLTPPLUG,Feit Electric,Feit Electric,Light Bulbs,nan,nan,
PROD-0590,HOM2040M200PRB,Square D,Square D Con Prod Dv,nan,nan,nan,
PROD-0591,HOM3060L225PGC,Square D,Square D Con Prod Dv,nan,nan,nan,
PROD-0592,QO612L100RBCP,Square D,Square D Con Prod Dv,nan,nan,nan,
PROD-0593,13093005,Southwire,Southwire/g Turner,Electrical Wire & Cable,nan,nan,
PROD-0594,12-4 SO,nan,nan,Electrical Wire & Cable,nan,nan,
PROD-0595,96263-46-06,nan,Woods Wire Southwire,nan,nan,nan,
PROD-0596,R50003-ID,Southwire,Southwire/g Turner,Electrical Wire & Cable,nan,nan,
PROD-0597,10-4 SO,Southwire,Southwire/g Turner,Electrical Wire & Cable,nan,nan,
PROD-0598,23346-0408,nan,nan,nan,nan,nan,
PROD-0599,2/2/4 UD ALUM,Southwire,Southwire/g Turner,nan,nan,nan,
PROD-0600,55418901,Southwire,Southwire/g Turner,Electrical Boxes & Wiring,nan,nan,
PROD-0601,CG50K,nan,Fenton Bros Electric Inc,Electrical Boxes & Wiring,1/2 in,nan,
PROD-0602,R02-D215P-1RW,Leviton,Leviton Mfg Co,nan,nan,nan,
PROD-0603,PBUC013,Prime,Prime Wire & Cable,Electrical Wire & Cable,nan,nan,
PROD-0604,R00-GFNT1-00K,Leviton,Leviton Mfg Co,Electrical Boxes & Wiring,nan,nan,
PROD-0605,R92-GFWT1-0KW,Leviton,Leviton Mfg Co,Electrical Boxes & Wiring,nan,nan,
PROD-0606,R12-AGTR1-0KW,Leviton,Leviton Mfg Co,nan,nan,nan,Zirconia
PROD-0607,R62-GFTA1-0KW,Leviton,Leviton Mfg Co,Electrical Boxes & Wiring,nan,nan,
PROD-0608,165-04729-00C,Leviton,Leviton Mfg Co,nan,nan,nan,
PROD-0609,161-04720-00C,Leviton,Leviton Mfg Co,nan,nan,nan,
PROD-0610,R02-GUAC1-0BW,Leviton,Leviton Mfg Co,nan,nan,nan,
PROD-0611,R56-CBR15-00T,Leviton,Leviton Mfg Co,Electrical Boxes & Wiring,nan,nan,
PROD-0612,R20-05378-P00,Leviton,Leviton Mfg Co,nan,nan,nan,
PROD-0613,WC1V12W-SG-UPC,Southwire,Southwire/g Turner,nan,nan,nan,
PROD-0614,R51-GSRA1-THD,Leviton,Leviton Mfg Co,nan,3/4 in x 18 in,nan,
PROD-0615,R62-CBR15-00W,Leviton,Leviton Mfg Co,nan,nan,nan,
PROD-0616,S03-05226-IS,Leviton,Leviton Mfg Co,nan,nan,nan,
PROD-0617,174-0CSB3-15W,Leviton,Leviton Mfg Co,nan,nan,nan,
PROD-0618,R50-0SL13-000,Leviton,Leviton Mfg Co,nan,nan,nan,
PROD-0619,R52-0PJ13-00W,Leviton,Leviton Mfg Co,nan,nan,nan,
PROD-0620,XOU2470BCGS,nan,Appliance Dealers Cooperative,"Washers, Dryers & Laundry Centers",nan,nan,
PROD-0621,XOU24BCGSR,nan,Appliance Dealers Cooperative,"Washers, Dryers & Laundry Centers",nan,nan,
PROD-0622,XOU24WDZGBR,nan,Appliance Dealers Cooperative,"Washers, Dryers & Laundry Centers",nan,nan,
PROD-0623,C7CDAAS3PD3,nan,Appliance Dealers Cooperative,"Washers, Dryers & Laundry Centers",nan,nan,
PROD-0624,C7CDAAS4PW3,nan,Appliance Dealers Cooperative,"Washers, Dryers & Laundry Centers",nan,nan,
PROD-0625,C7CDABS2RS3,nan,Appliance Dealers Cooperative,"Washers, Dryers & Laundry Centers",nan,nan,
PROD-0626,C7CDABS3RD3,nan,Appliance Dealers Cooperative,"Washers, Dryers & Laundry Centers",nan,nan,
PROD-0627,C7CDABS4RW3,nan,Appliance Dealers Cooperative,"Washers, Dryers & Laundry Centers",nan,nan,
PROD-0628,C7CEBBS2RS3,nan,Appliance Dealers Cooperative,"Washers, Dryers & Laundry Centers",nan,nan,
PROD-0629,C7CEBBS4RW3,nan,Appliance Dealers Cooperative,"Washers, Dryers & Laundry Centers",nan,nan,
PROD-0630,C7CESAS2RS3,nan,Appliance Dealers Cooperative,"Washers, Dryers & Laundry Centers",nan,nan,
PROD-0631,C7CESAS3RD3,nan,Appliance Dealers Cooperative,"Washers, Dryers & Laundry Centers",nan,nan,
PROD-0632,C7CESAS4RW3,nan,Appliance Dealers Cooperative,"Washers, Dryers & Laundry Centers",nan,nan,
PROD-0633,WOSP30100SS,nan,Appliance Dealers Cooperative,"Washers, Dryers & Laundry Centers",nan,nan,
PROD-0634,MSER2090S,LG,Appliance Dealers Cooperative,Microwaves & Ranges,nan,nan,
PROD-0635,GCST16S1WSS,GE,Appliance Dealers Cooperative,Microwaves & Ranges,nan,nan,
PROD-0636,PCWK15C1WSS,GE,Appliance Dealers Cooperative,Microwaves & Ranges,nan,nan,
PROD-0637,SMC2266KS,nan,Appliance Dealers Cooperative,Microwaves & Ranges,nan,nan,
PROD-0638,SMD2479JS,nan,Appliance Dealers Cooperative,Microwaves & Ranges,nan,nan,
PROD-0639,PEP9030DTBB,GE,Appliance Dealers Cooperative,Built-In Dishwashers,30 in,nan,
PROD-0640,CES700P3MD1,nan,Appliance Dealers Cooperative,"Washers, Dryers & Laundry Centers",30 in,nan,
PROD-0641,PS960YPFS,GE,Appliance Dealers Cooperative,Kitchen Appliances & Cooking,30 in,nan,
PROD-0642,PB900YVFS,nan,Appliance Dealers Cooperative,Microwaves & Ranges,30 in,nan,
PROD-0643,PCFE3080AF,nan,Appliance Dealers Cooperative,Kitchen Appliances & Cooking,30 in,nan,
PROD-0644,SLER30524SS,nan,Appliance Dealers Cooperative,"Washers, Dryers & Laundry Centers",30 in,nan,
PROD-0645,LSEL6333ZE,LG,Appliance Dealers Cooperative,Kitchen Appliances & Cooking,30 in,nan,
PROD-0646,KSES530SBE,nan,Appliance Dealers Cooperative,Kitchen Appliances & Cooking,30 in,nan,
PROD-0647,GCFG3661AF,nan,Appliance Dealers Cooperative,Microwaves & Ranges,36 in,nan,
PROD-0648,WSGS7530RZ,nan,Appliance Dealers Cooperative,"Washers, Dryers & Laundry Centers",30 in,nan,
PROD-0649,CHP90301TBB,nan,Appliance Dealers Cooperative,Microwaves & Ranges,nan,nan,
PROD-0650,CVM517P3RD1,nan,Appliance Dealers Cooperative,Microwaves & Ranges,nan,nan,
PROD-0651,PMOS1980AF,nan,Appliance Dealers Cooperative,Microwaves & Ranges,nan,nan,
PROD-0652,WMMS3330RZ,nan,Appliance Dealers Cooperative,"Washers, Dryers & Laundry Centers",nan,nan,
PROD-0653,KMMF530PBE,nan,Appliance Dealers Cooperative,Microwaves & Ranges,nan,nan,
PROD-0654,JXGRILL1,GE,Appliance Dealers Cooperative,Kitchen Appliances & Cooking,nan,nan,
PROD-0655,C9TMA2S3PD3,nan,Appliance Dealers Cooperative,"Washers, Dryers & Laundry Centers",nan,nan,
PROD-0656,C9TMA2S4PW3,nan,Appliance Dealers Cooperative,"Washers, Dryers & Laundry Centers",nan,nan,
PROD-0657,C90AAAS2RS3,nan,Appliance Dealers Cooperative,"Washers, Dryers & Laundry Centers",nan,nan,
PROD-0658,C9TMA2SP2PS3,nan,Appliance Dealers Cooperative,"Washers, Dryers & Laundry Centers",nan,nan,
PROD-0659,GDE21EMKES,GE,Appliance Dealers Cooperative,Microwaves & Ranges,nan,nan,
PROD-0660,FCM16SLWW,GE,Appliance Dealers Cooperative,"Washers, Dryers & Laundry Centers",nan,nan,
PROD-0661,GNE27JYMFS,GE,Appliance Dealers Cooperative,Microwaves & Ranges,nan,nan,
PROD-0662,CVE28DP3ND1,nan,Appliance Dealers Cooperative,Microwaves & Ranges,nan,nan,
PROD-0663,GNE25JMKES,GE,Appliance Dealers Cooperative,Microwaves & Ranges,nan,nan,
PROD-0664,PRFS2883AF,nan,Appliance Dealers Cooperative,Microwaves & Ranges,36 in,nan,
PROD-0665,PAD28BYTFS,GE,Appliance Dealers Cooperative,Microwaves & Ranges,nan,nan,
PROD-0666,PGE29BYTFS,GE,Appliance Dealers Cooperative,Microwaves & Ranges,nan,nan,
PROD-0667,ERFD19CGCS,nan,Appliance Dealers Cooperative,Microwaves & Ranges,nan,nan,
PROD-0668,LT18S2100W,LG,Appliance Dealers Cooperative,Microwaves & Ranges,nan,nan,
PROD-0669,LT18S2100SS,LG,Appliance Dealers Cooperative,Microwaves & Ranges,nan,nan,
PROD-0670,EUF17CDBW,nan,Appliance Dealers Cooperative,"Washers, Dryers & Laundry Centers",nan,nan,
PROD-0671,EUF21CDBW,nan,Appliance Dealers Cooperative,"Washers, Dryers & Laundry Centers",nan,nan,
PROD-0672,TP-1935,nan,nan,Drills & Drivers,nan,nan,
PROD-0673,K527APBXR,nan,Senco Products Inc,nan,3 in,nan,
PROD-0674,603150,nan,National Nail Corp,nan,2-1/2 in,nan,
PROD-0675,d10cnk,nan,Prebena,nan,1/2 in x 3/8 in,nan,
PROD-0676,e28cnkha,nan,Prebena,nan,2/4 in x 1 1/8 in,nan,
PROD-0677,51334,Hunter,Hunter Fan Co,nan,44 in,nan,
PROD-0678,59210,Hunter,Hunter Fan Co,nan,52 in,nan,
PROD-0679,52485,Hunter,Hunter Fan Co,nan,52 in,nan,
PROD-0680,52486,Hunter,Hunter Fan Co,nan,44 in,nan,
PROD-0681,52487,Hunter,Hunter Fan Co,nan,52 in,nan,
PROD-0682,52488,Hunter,Hunter Fan Co,nan,44 in,nan,
PROD-0683,52655,Hunter,Hunter Fan Co,nan,52 in,nan,
PROD-0684,59261,Hunter,Hunter Fan Co,nan,52 in,nan,
PROD-0685,51731,Hunter,Hunter Fan Co,nan,52 in,nan,
PROD-0686,XLC10ZW,Makita,Makita Usa Inc,Dust Extractors,nan,nan,
PROD-0687,HS-DA,nan,Sabre,Built-In Dishwashers,nan,nan,
PROD-0688,73002252,nan,nan,Railing & Fence Kits,nan,nan,
PROD-0689,48-22-8396R,Milwaukee,Milwaukee Accessory,Saw & Tile Blades,nan,nan,
PROD-0690,48-22-8397R,Milwaukee,Milwaukee Accessory,Saw & Tile Blades,nan,nan,
PROD-0691,DCGG581B,DEWALT,Black & Decker/dewlt,nan,nan,nan,
PROD-0692,DCGG581GD1,DEWALT,Black & Decker/dewlt,nan,nan,nan,
PROD-0693,DWST41092,DEWALT,Black & Decker/dewlt,Laser Levels,41 in,nan,
PROD-0694,156436WHT,DSI Westbury,Palmer Donavin Mfg Company,nan,nan,nan,
PROD-0695,173950TBK,DSI Westbury,Palmer Donavin Mfg Company,nan,4 in,nan,
PROD-0696,173951TBK,DSI Westbury,Palmer Donavin Mfg Company,nan,6 in,nan,
PROD-0697,173952TBK,DSI Westbury,Palmer Donavin Mfg Company,nan,6 in,nan,
PROD-0698,1624157,nan,nan,nan,nan,nan,
PROD-0699,40025,nan,Marshalltown Trowel,nan,nan,nan,
PROD-0700,48-22-3301,Milwaukee,Milwaukee Accessory,nan,nan,nan,
PROD-0701,48-22-3302,Milwaukee,Milwaukee Accessory,nan,nan,nan,
PROD-0702,48-22-3303,Milwaukee,Milwaukee Accessory,nan,nan,nan,
PROD-0703,TSDKAP218-G2,nan,Edge Eyewear Inc,Safety & Workwear,nan,nan,
PROD-0704,XPAP418,nan,Edge Eyewear Inc,Heated Workwear & Gear,nan,nan,
PROD-0705,XDAP419,nan,Edge Eyewear Inc,Heated Workwear & Gear,nan,nan,
PROD-0706,XB11PCVS,nan,Edge Eyewear Inc,Heated Workwear & Gear,nan,nan,Zirconia
PROD-0707,KB121VS,nan,Edge Eyewear Inc,Heated Workwear & Gear,nan,nan,
PROD-0708,KB126VS,nan,Edge Eyewear Inc,Heated Workwear & Gear,nan,nan,
PROD-0709,TC121VS,nan,Edge Eyewear Inc,Heated Workwear & Gear,nan,nan,
PROD-0710,TC126VS,nan,Edge Eyewear Inc,Heated Workwear & Gear,nan,nan,
PROD-0711,MK113MPAP,nan,Edge Eyewear Inc,Heated Workwear & Gear,nan,nan,
PROD-0712,LS117MPAP,nan,Edge Eyewear Inc,Heated Workwear & Gear,nan,nan,
PROD-0713,FE-EFX-6L,nan,Ohio Firewatch Protection Inc,nan,nan,nan,
PROD-0714,FE-EFX-9L,nan,Ohio Firewatch Protection Inc,nan,3/4 in x 18 in,nan,
PROD-0715,1046793,nan,First Alert - B R K Brands,nan,nan,nan,
PROD-0716,1046870,nan,First Alert - B R K Brands,nan,nan,nan,
PROD-0717,M701B-21L,Milwaukee,Milwaukee Accessory,Heated Workwear & Gear,nan,nan,
PROD-0718,M701B-21M,Milwaukee,Milwaukee Accessory,Heated Workwear & Gear,nan,nan,
PROD-0719,M701B-21S,Milwaukee,Milwaukee Accessory,Heated Workwear & Gear,nan,nan,
PROD-0720,M701B-21XL,Milwaukee,Milwaukee Accessory,Heated Workwear & Gear,nan,nan,
PROD-0721,MWUG42010124,LG,Tech Gear 5.7 Inc,Workwear & Safety Gear,nan,nan,
PROD-0722,MWUG42010224,LG,Tech Gear 5.7 Inc,Workwear & Safety Gear,nan,nan,
PROD-0723,MWUG42010324,LG,Tech Gear 5.7 Inc,Workwear & Safety Gear,nan,nan,
PROD-0724,MWUG42010424,LG,Tech Gear 5.7 Inc,Workwear & Safety Gear,nan,nan,
PROD-0725,MWUG42010524,LG,Tech Gear 5.7 Inc,Workwear & Safety Gear,nan,nan,
PROD-0726,MWUG42010624,LG,Tech Gear 5.7 Inc,Workwear & Safety Gear,nan,nan,
PROD-0727,MWUG36010225,LG,Tech Gear 5.7 Inc,Workwear & Safety Gear,nan,nan,
PROD-0728,MWUG36010325,LG,Tech Gear 5.7 Inc,Workwear & Safety Gear,nan,nan,
PROD-0729,MWUG36010425,LG,Tech Gear 5.7 Inc,Workwear & Safety Gear,nan,nan,
PROD-0730,MWUG36010525,LG,Tech Gear 5.7 Inc,Workwear & Safety Gear,nan,nan,
PROD-0731,MWUG36010625,LG,Tech Gear 5.7 Inc,Workwear & Safety Gear,nan,nan,
PROD-0732,DPG15,DEWALT,Radians,nan,nan,nan,
PROD-0733,F200B-21L,Milwaukee,Milwaukee Accessory,Heated Workwear & Gear,nan,nan,
PROD-0734,F200B-21M,Milwaukee,Milwaukee Accessory,Heated Workwear & Gear,nan,nan,
PROD-0735,M200B-21L,Milwaukee,Milwaukee Accessory,Heated Workwear & Gear,nan,nan,
PROD-0736,M200B-21M,Milwaukee,Milwaukee Accessory,Heated Workwear & Gear,nan,nan,
PROD-0737,M200B-21XL,Milwaukee,Milwaukee Accessory,Heated Workwear & Gear,nan,nan,
PROD-0738,M200G-21L,Milwaukee,Milwaukee Accessory,Heated Workwear & Gear,nan,nan,
PROD-0739,M200G-21M,Milwaukee,Milwaukee Accessory,Heated Workwear & Gear,nan,nan,
PROD-0740,M200G-21XL,Milwaukee,Milwaukee Accessory,Heated Workwear & Gear,nan,nan,
PROD-0741,48-11-2330,Milwaukee,Milwaukee Accessory,Heated Workwear & Gear,nan,nan,
PROD-0742,DCBP250C,DEWALT,Black & Decker/dewlt,Lumber & Structural Panels,nan,nan,
PROD-0743,5328,LG,nan,nan,nan,nan,
PROD-0744,3200-20,Milwaukee,Milwaukee Accessory,Saw & Tile Blades,nan,nan,
PROD-0745,3202-20,Milwaukee,Milwaukee Accessory,Saw & Tile Blades,nan,nan,
PROD-0746,3203-20,Milwaukee,Milwaukee Accessory,nan,nan,nan,
PROD-0747,BC-12300,nan,Woodpeckers Inc,nan,12 in,nan,
PROD-0748,BC-24600,nan,Woodpeckers Inc,nan,24 in,nan,
PROD-0749,DW08302CG,DEWALT,Black & Decker/dewlt,Laser Levels,nan,nan,
PROD-0750,GCL165-42GL,Dremel,Robt Bosch Tool Corp,Laser Levels,nan,nan,
PROD-0751,DW08802CG,DEWALT,Black & Decker/dewlt,Laser Levels,nan,nan,
PROD-0752,DW088CG,DEWALT,Black & Decker/dewlt,Laser Levels,nan,nan,
PROD-0753,DW089CG,DEWALT,Black & Decker/dewlt,Laser Levels,nan,nan,
PROD-0754,DCLE34520GB,DEWALT,Black & Decker/dewlt,Laser Levels,nan,nan,
PROD-0755,DCLE34031B,DEWALT,Black & Decker/dewlt,Laser Levels,nan,nan,
PROD-0756,DW0822CG,DEWALT,Black & Decker/dewlt,Laser Levels,nan,nan,
PROD-0757,25459,CENTURY COMPONENTS,U S Tape Company,Electrical Wire & Cable,nan,nan,
PROD-0758,35459,CENTURY COMPONENTS,U S Tape Company,Electrical Wire & Cable,nan,nan,
PROD-0759,25759,CENTURY COMPONENTS,U S Tape Company,Electrical Wire & Cable,nan,nan,
PROD-0760,35112,CENTURY COMPONENTS,U S Tape Company,Electrical Wire & Cable,nan,nan,
PROD-0761,35115,CENTURY COMPONENTS,U S Tape Company,Electrical Wire & Cable,nan,nan,
PROD-0762,25168,CENTURY COMPONENTS,U S Tape Company,Electrical Wire & Cable,nan,nan,
PROD-0763,35468,CENTURY COMPONENTS,U S Tape Company,Electrical Wire & Cable,nan,nan,
PROD-0764,35494,CENTURY COMPONENTS,U S Tape Company,Electrical Wire & Cable,nan,nan,
PROD-0765,MLSQ0120,Milwaukee,Milwaukee Accessory,Batteries & Chargers,12 in,nan,
PROD-0766,MLSQ1120,Milwaukee,Milwaukee Accessory,nan,nan,nan,
PROD-0767,55227,nan,Amana Tool Corp,nan,1/8 in,nan,
PROD-0768,37300952,nan,nan,nan,3/8 in,nan,
PROD-0769,6008,nan,Whiteside Machine & Repair Co,nan,nan,nan,
PROD-0770,6009,nan,Whiteside Machine & Repair Co,nan,nan,nan,
PROD-0771,3000A,nan,Whiteside Machine & Repair Co,Tool Accessories & Attachments,nan,nan,
PROD-0772,MID6630201US,nan,Mirka Abrasives Inc,Abrasives & Cutting Accessories,nan,nan,
PROD-0773,DCF6202,DEWALT,Black & Decker/dewlt,nan,nan,nan,
PROD-0774,25468,CENTURY COMPONENTS,U S Tape Company,Electrical Wire & Cable,nan,nan,
PROD-0775,25762,CENTURY COMPONENTS,U S Tape Company,Electrical Wire & Cable,nan,nan,
PROD-0776,21839NN,nan,nan,nan,10 in,nan,
PROD-0777,VN56920,nan,Marshalltown Trowel,Saw & Tile Blades,10 1/2 in,nan,
PROD-0778,133164,nan,Wera Tools NA Inc,Rotary Tools,nan,nan,
PROD-0779,DWHT10993,DEWALT,Black & Decker/dewlt,nan,nan,nan,
PROD-0780,DWHT10994,DEWALT,Black & Decker/dewlt,nan,nan,nan,
PROD-0781,QB22RU,nan,Vessel Tools USA Inc,Rotary Tools,nan,nan,
PROD-0782,QB22KU,nan,Vessel Tools USA Inc,Rotary Tools,nan,nan,
PROD-0783,AVM6EV,nan,Malco Prod,nan,nan,nan,
PROD-0784,AVM6EV,nan,Malco Prod,nan,nan,nan,
PROD-0785,DSA0250B,Diablo,Freud Inc,nan,1/4 in,nan,
PROD-0786,DSA0375B,Diablo,Freud Inc,nan,3/8 in,nan,
PROD-0787,DSA0500B,Diablo,Freud Inc,nan,1/2 in,nan,
PROD-0788,42-04-9107,Milwaukee,Milwaukee Accessory,Drive Bits,3/8 in,nan,
PROD-0789,48-22-9491,Milwaukee,Milwaukee Accessory,Tool Organizers & Boxes,nan,242.0,
PROD-0790,DWMT45422,DEWALT,Black & Decker/dewlt,Drive Bits,1/4 in,50.0,
PROD-0791,DWMT45424,DEWALT,Black & Decker/dewlt,Drive Bits,3/8 in,84.0,
PROD-0792,48-22-9483,Milwaukee,Milwaukee Accessory,nan,nan,15.0,
PROD-0793,48-22-9484,Milwaukee,Milwaukee Accessory,Tool Organizers & Boxes,nan,15.0,
PROD-0794,48-22-9485,Milwaukee,Milwaukee Accessory,nan,nan,30.0,
PROD-0795,48-44-2770,Milwaukee,Milwaukee Accessory,Saw & Tile Blades,nan,nan,
PROD-0796,IWHT48441RC,Irwin,Irwin Industrial Tools,Rotary Tools,nan,nan,
PROD-0797,XRU23SM1,Makita,Makita Usa Inc,nan,13 in,nan,
PROD-0798,XRU15PT1,Makita,Makita Usa Inc,nan,nan,nan,
PROD-0799,XRU23Z,Makita,Makita Usa Inc,nan,nan,nan,
PROD-0800,0887-20,Milwaukee,Milwaukee Accessory,nan,nan,nan,
PROD-0801,DCBL724B,DEWALT,Black & Decker/dewlt,nan,nan,nan,
PROD-0802,2954-20,Milwaukee,Milwaukee Accessory,nan,nan,nan,
PROD-0803,2955-20,Milwaukee,Milwaukee Accessory,nan,nan,nan,
PROD-0804,9A-219-180,Abranet,Mirka Abrasives Inc,Abrasive Sanding Discs,nan,nan,
PROD-0805,9A-219-120RP,Abranet,Mirka Abrasives Inc,Abrasive Sanding Discs,nan,nan,
PROD-0806,3033-20,Milwaukee,Milwaukee Accessory,nan,24 in,nan,Zirconia
PROD-0807,3033-21,Milwaukee,Milwaukee Accessory,nan,24 in,nan,
PROD-0808,3034-20,Milwaukee,Milwaukee Accessory,nan,30 in,nan,
PROD-0809,D25333K,DEWALT,Black & Decker/dewlt,nan,nan,nan,
PROD-0810,DCD803B,DEWALT,Black & Decker/dewlt,Drills & Drivers,nan,nan,
PROD-0811,DCF860B,DEWALT,Black & Decker/dewlt,Impact Drivers & Nailers,nan,nan,
PROD-0812,3401-20,Milwaukee,Milwaukee Accessory,Drills & Drivers,nan,nan,
PROD-0813,KPTDR050A,Kreg,Kreg Tool Company,Drills & Drivers,nan,nan,
PROD-0814,DCD1007B,DEWALT,Black & Decker/dewlt,nan,3/4 in x 18 in,nan,
PROD-0815,DCD799B,DEWALT,Black & Decker/dewlt,"Building, Decking & Railing Materials",nan,nan,
PROD-0816,58006,nan,King Canada Inc,Impact Drivers & Nailers,nan,nan,
PROD-0817,2909-20,Milwaukee,Milwaukee Accessory,Saw & Tile Blades,nan,nan,
PROD-0818,2909-21,Milwaukee,Milwaukee Accessory,Saw & Tile Blades,nan,nan,
PROD-0819,918200,nan,National Nail Corp,nan,nan,nan,
PROD-0820,2541-20,Milwaukee,Milwaukee Accessory,Saw & Tile Blades,nan,nan,
PROD-0821,DCN930B,DEWALT,Black & Decker/dewlt,Impact Drivers & Nailers,nan,nan,
PROD-0822,DCN930P1,DEWALT,Black & Decker/dewlt,Impact Drivers & Nailers,nan,nan,
PROD-0823,XNB04Z,Makita,Makita Usa Inc,Impact Drivers & Nailers,2 in,nan,
PROD-0824,XNB05Z,Makita,Makita Usa Inc,nan,2-1/2 in,nan,
PROD-0825,XNB06Z,Makita,Makita Usa Inc,nan,2-1/2 in,nan,
PROD-0826,XNB07Z,Makita,Makita Usa Inc,nan,nan,nan,
PROD-0827,DZN930,DEWALT,Black & Decker/dewlt,nan,nan,nan,
PROD-0828,220USB25U,nan,Vessel Tools USA Inc,Rotary Tools,nan,25.0,
PROD-0829,XRF03Z,Makita,Makita Usa Inc,nan,nan,nan,
PROD-0830,220USBP5U,nan,Vessel Tools USA Inc,Rotary Tools,nan,5.0,
PROD-0831,49-66-4567,Milwaukee,Milwaukee Accessory,Impact Drivers & Nailers,6 in,6.0,
PROD-0832,IBMG90K003,nan,Vessel Tools USA Inc,Rotary Tools,3.5 in,5.0,
PROD-0833,IBPH250P15T,nan,Vessel Tools USA Inc,Rotary Tools,2 in,15.0,
PROD-0834,DPH12B,Diablo,Freud Inc,Drive Bits,2 in,nan,
PROD-0835,DPH135B,Diablo,Freud Inc,Drive Bits,3-1/2 in,nan,
PROD-0836,DPH21B,Diablo,Freud Inc,Drive Bits,1 in,nan,
PROD-0837,DPH22B,Diablo,Freud Inc,Drive Bits,2 in,nan,
PROD-0838,DPH235B,Diablo,Freud Inc,Drive Bits,3-1/2 in,nan,
PROD-0839,DPH26B,Diablo,Freud Inc,Drive Bits,6 in,nan,
PROD-0840,DPH2R1B,Diablo,Freud Inc,Drive Bits,1 in,nan,
PROD-0841,DPH31B,Diablo,Freud Inc,Drive Bits,1 in,nan,
PROD-0842,DPH32B,Diablo,Freud Inc,Drive Bits,2 in,nan,
PROD-0843,DPH335B,Diablo,Freud Inc,Drive Bits,3-1/2 in,nan,
PROD-0844,DSQ12B,Diablo,Freud Inc,Drive Bits,2 in,nan,
PROD-0845,DSQ22B,Diablo,Freud Inc,Drive Bits,2 in,nan,
PROD-0846,DSQ26B,Diablo,Freud Inc,Drive Bits,6 in,nan,
PROD-0847,DSQ32B,Diablo,Freud Inc,Drive Bits,2 in,nan,
PROD-0848,DT102B,Diablo,Freud Inc,Drive Bits,2 in,nan,
PROD-0849,DT152B,Diablo,Freud Inc,Drive Bits,2 in,nan,
PROD-0850,DT1535B,Diablo,Freud Inc,Drive Bits,3-1/2 in,nan,
PROD-0851,DT202B,Diablo,Freud Inc,Drive Bits,2 in,nan,
PROD-0852,DT2035B,Diablo,Freud Inc,Drive Bits,3-1/2 in,nan,
PROD-0853,DT206B,Diablo,Freud Inc,Drive Bits,6 in,nan,
PROD-0854,DT252B,Diablo,Freud Inc,Drive Bits,2 in,nan,
PROD-0855,DT2535B,Diablo,Freud Inc,Drive Bits,3-1/4 in,nan,
PROD-0856,DT256B,Diablo,Freud Inc,Drive Bits,6 in,nan,
PROD-0857,DT302B,Diablo,Freud Inc,Drive Bits,2 in,nan,
PROD-0858,DT402B,Diablo,Freud Inc,Drive Bits,2 in,nan,
PROD-0859,DDWSSB,Diablo,Freud Inc,nan,nan,nan,
PROD-0860,191V02-0,Makita,Makita Usa Inc,nan,nan,5.0,
PROD-0861,XTS02Z,Makita,Makita Usa Inc,nan,1/4 in,nan,
PROD-0862,DCF809D1,DEWALT,Black & Decker/dewlt,Impact Drivers & Nailers,1/4 in,nan,
PROD-0863,2761-20,Milwaukee,Milwaukee Accessory,Impact Drivers & Nailers,18 1/4 in,nan,
PROD-0864,2761-22,Milwaukee,Milwaukee Accessory,nan,nan,nan,
PROD-0865,3450-20,Milwaukee,Milwaukee Accessory,Impact Drivers & Nailers,nan,nan,
PROD-0866,KPTDV025A,Kreg,Kreg Tool Company,Impact Drivers & Nailers,nan,nan,
PROD-0867,3048-20,Milwaukee,Milwaukee Accessory,nan,12 1/4 in,nan,
PROD-0868,3049-20,Milwaukee,Milwaukee Accessory,nan,12 3/8 in,nan,
PROD-0869,2563-20,Milwaukee,Milwaukee Accessory,nan,1/2 in,nan,
PROD-0870,DCF961B,DEWALT,Black & Decker/dewlt,nan,1/2 in,nan,
PROD-0871,DCF964B,DEWALT,Black & Decker/dewlt,nan,3/4 in,nan,
PROD-0872,2563P-20,Milwaukee,Milwaukee Accessory,nan,12 1/2 in,nan,
PROD-0873,DCF921P2,DEWALT,Black & Decker/dewlt,nan,nan,nan,
PROD-0874,XLT03Z,Makita,Makita Usa Inc,nan,3/8 in,nan,
PROD-0875,XLT04Z,Makita,Makita Usa Inc,nan,1/4 in,nan,
PROD-0876,XLT05Z,Makita,Makita Usa Inc,nan,1/2 in,nan,
PROD-0877,DCF510B,DEWALT,Black & Decker/dewlt,nan,nan,nan,
PROD-0878,3052-20,Milwaukee,Milwaukee Accessory,nan,1/4 in,nan,
PROD-0879,3054-20,Milwaukee,Milwaukee Accessory,nan,12 1/2 in,nan,
PROD-0880,DCF513EB,DEWALT,Black & Decker/dewlt,nan,3/8 in,nan,
PROD-0881,XVP01Z,Makita,Makita Usa Inc,nan,3 in,nan,
PROD-0882,DCM200B,DEWALT,Black & Decker/dewlt,nan,1/2 in x 18 in,nan,
PROD-0883,DCG410B,DEWALT,Black & Decker/dewlt,nan,4-1/2 in,nan,
PROD-0884,DCG460B,DEWALT,Black & Decker/dewlt,nan,9 in,nan,
PROD-0885,DCG402B,DEWALT,Black & Decker/dewlt,nan,4.5 in,nan,
PROD-0886,3485-20,Milwaukee,Milwaukee Accessory,Grinding Wheels,12 1/4 in,nan,
PROD-0887,DCG420B,DEWALT,Black & Decker/dewlt,nan,nan,nan,
PROD-0888,DCG422B,DEWALT,Black & Decker/dewlt,nan,nan,nan,
PROD-0889,924422,nan,nan,nan,nan,nan,
PROD-0890,DCW620B,DEWALT,Black & Decker/dewlt,Lumber & Structural Panels,nan,nan,
PROD-0891,2535-20,Milwaukee,Milwaukee Accessory,Tool Accessories & Attachments,3 in,nan,
PROD-0892,2837-20,Milwaukee,Milwaukee Accessory,Tool Accessories & Attachments,5 in,nan,
PROD-0893,577728,Festool,Festool USA,nan,nan,nan,
PROD-0894,577738,Festool,Festool USA,nan,nan,nan,
PROD-0895,KPTRS500A,Kreg,Kreg Tool Company,nan,5 in,nan,
PROD-0896,24-35M-320,nan,Mirka Abrasives Inc,Abrasives & Cutting Accessories,3.2 in x 5.2 in,nan,
PROD-0897,9A-129-120,Abranet,Mirka Abrasives Inc,Abrasive Sanding Discs,nan,nan,
PROD-0898,578800,Festool,Festool USA,nan,nan,nan,
PROD-0899,578801,Festool,Festool USA,nan,nan,nan,
PROD-0900,578802,Festool,Festool USA,nan,nan,nan,
PROD-0901,578808,Festool,Festool USA,nan,nan,nan,
PROD-0902,578809,Festool,Festool USA,nan,nan,nan,
PROD-0903,578810,Festool,Festool USA,nan,nan,nan,
PROD-0904,578811,Festool,Festool USA,nan,nan,nan,
PROD-0905,578192,Festool,Festool USA,Abrasive Belts,nan,nan,
PROD-0906,578806,Festool,Festool USA,nan,nan,nan,Zirconia
PROD-0907,D0860X,Diablo,Freud Inc,Saw & Tile Blades,8-1/4 in,nan,
PROD-0908,48-40-0740,Milwaukee,Milwaukee Accessory,Circular Saws & Kits,7-1/4 in,nan,
PROD-0909,48-41-0740,Milwaukee,Milwaukee Accessory,Saw & Tile Blades,nan,nan,
PROD-0910,A-96095,Makita,Makita Usa Inc,Saw & Tile Blades,5-7/8 in,nan,
PROD-0911,D0760UX,Diablo,Freud Inc,Circular Saws & Kits,7-1/4 in,nan,
PROD-0912,230.312.08,nan,CMT USA Inc,nan,nan,nan,
PROD-0913,D0708LF,Diablo,Freud Inc,Saw & Tile Blades,7-1/4 in x 8 in,nan,
PROD-0914,D1012LF,Diablo,Freud Inc,Saw & Tile Blades,3/4 in x 18 in,nan,
PROD-0915,D1216LF,Diablo,Freud Inc,Saw & Tile Blades,12 in,nan,
PROD-0916,DWA47421,DEWALT,Black & Decker/dewlt,Saw & Tile Blades,14 in,nan,
PROD-0917,DWA4769,DEWALT,Black & Decker/dewlt,Saw & Tile Blades,10 in,nan,
PROD-0918,49-93-9204,Milwaukee,Milwaukee Accessory,Saw & Tile Blades,4-1/2 in,nan,
PROD-0919,49-93-9207,Milwaukee,Milwaukee Accessory,Saw & Tile Blades,7 in,nan,
PROD-0920,49-93-9210,Milwaukee,Milwaukee Accessory,Saw & Tile Blades,10 in,nan,
PROD-0921,49-93-9202,Milwaukee,Milwaukee Accessory,Saw & Tile Blades,4 in,nan,
PROD-0922,49-93-9205,Milwaukee,Milwaukee Accessory,Saw & Tile Blades,5 in,nan,
PROD-0923,49-22-4702,Milwaukee,Milwaukee Accessory,nan,nan,13.0,
PROD-0924,DJT155HHM,Diablo,Freud Inc,Jig Saws,3-3/5 in,nan,
PROD-0925,790.82,nan,CMT USA Inc,Planers & Jointers,nan,2.0,
PROD-0926,794.321,nan,CMT USA Inc,Planers & Jointers,nan,3.0,
PROD-0927,49-22-5641,Milwaukee,Milwaukee Accessory,Saw & Tile Blades,nan,15.0,
PROD-0928,D0604TSH,Diablo,Freud Inc,Saw & Tile Blades,6-1/2 in,nan,
PROD-0929,D0620TSR,Diablo,Freud Inc,Saw & Tile Blades,6-1/2 in,nan,
PROD-0930,D0648TSF,Diablo,Freud Inc,Saw & Tile Blades,6-1/2 in,nan,
PROD-0931,D0652TSL,Diablo,Freud Inc,Saw & Tile Blades,6-1/2 in,nan,
PROD-0932,JT1-549,nan,JPW Industries,nan,18 in,nan,
PROD-0933,JT1-1371,nan,JPW Industries,nan,14 in,nan,
PROD-0934,JT9-714400K,nan,JPW Industries,nan,14 in,nan,
PROD-0935,2834-21HD,Milwaukee,Milwaukee Accessory,Circular Saws & Kits,7-1/4 in,nan,
PROD-0936,DCS383B,DEWALT,Black & Decker/dewlt,Circular Saws & Kits,7-1/4 in,nan,
PROD-0937,DCS590B,DEWALT,Black & Decker/dewlt,Circular Saws & Kits,7-1/4 in,nan,
PROD-0938,KPTCS725A,Kreg,Kreg Tool Company,Circular Saws & Kits,7-1/4 in,nan,
PROD-0939,KPTCS450A,Kreg,Kreg Tool Company,Circular Saws & Kits,4-1/2 in,nan,
PROD-0940,2545-20,Milwaukee,Milwaukee Accessory,Jig Saws,nan,nan,
PROD-0941,KPTJS100A,Kreg,Kreg Tool Company,Jig Saws,nan,nan,
PROD-0942,DCS714B,DEWALT,Black & Decker/dewlt,Power Saws,10 in,nan,
PROD-0943,DCS785B,DEWALT,Black & Decker/dewlt,Power Saws,12 in,nan,
PROD-0944,GSL02M1,Makita,Makita Usa Inc,Power Saws,8-1/2 in,nan,
PROD-0945,DW7029,DEWALT,Black & Decker/dewlt,Power Saws,nan,nan,
PROD-0946,DCS384B,DEWALT,Black & Decker/dewlt,nan,nan,nan,
PROD-0947,XRJ08Z,Makita,Makita Usa Inc,Power Saws,nan,nan,
PROD-0948,G0771Z,Grizzly,Woodstock Intl,Power Saws,30 in,nan,
PROD-0949,TS1017,Dremel,Robt Bosch Tool Corp,Power Saws,nan,nan,
PROD-0950,XT524,nan,Bow Products,Railing & Fence Kits,24 in,nan,
PROD-0951,XT536,nan,Bow Products,Railing & Fence Kits,36 in,nan,
PROD-0952,XT546,nan,Bow Products,Railing & Fence Kits,46 in,nan,
PROD-0953,XTP235,nan,Bow Products,Railing & Fence Kits,35 in,nan,
PROD-0954,TGP2-FA,nan,Saw Stop LLC,Railing & Fence Kits,nan,nan,
PROD-0955,ATGI-FA,nan,Saw Stop LLC,Railing & Fence Kits,nan,nan,
PROD-0956,ATGP-FA,nan,Saw Stop LLC,Railing & Fence Kits,nan,nan,
PROD-0957,TGI2-FA,nan,Saw Stop LLC,Railing & Fence Kits,nan,nan,
PROD-0958,TGI2-T36A,nan,Saw Stop LLC,nan,36 in,nan,
PROD-0959,KPTBPS100A,Kreg,Kreg Tool Company,nan,6-1/2 in,nan,
PROD-0960,DCB606C,DEWALT,Black & Decker/dewlt,Lumber & Structural Panels,nan,nan,
PROD-0961,BL1850BDC1,Makita,Makita Usa Inc,"Building, Decking & Railing Materials",nan,nan,
PROD-0962,DCB205C,DEWALT,Black & Decker/dewlt,Lumber & Structural Panels,nan,nan,
PROD-0963,DCB2108,DEWALT,Black & Decker/dewlt,Batteries & Chargers,nan,nan,
PROD-0964,DCB2108-2,DEWALT,Black & Decker/dewlt,Batteries & Chargers,nan,2.0,
PROD-0965,VB0212,nan,Senco Products Inc,Batteries & Chargers,nan,nan,
PROD-0966,BCB2A20A,Kreg,Kreg Tool Company,Batteries & Chargers,nan,nan,
PROD-0967,BATT4A,Kreg,Kreg Tool Company,Batteries & Chargers,nan,nan,
PROD-0968,BATT2A,Kreg,Kreg Tool Company,Batteries & Chargers,nan,nan,
PROD-0969,BL1850BDC2X1,Makita,Makita Usa Inc,nan,nan,nan,
PROD-0970,48-11-2422,Milwaukee,Milwaukee Accessory,Batteries & Chargers,nan,nan,
PROD-0971,DCB1104,DEWALT,Black & Decker/dewlt,Batteries & Chargers,nan,nan,
PROD-0972,48-59-1804,Milwaukee,Milwaukee Accessory,Batteries & Chargers,nan,nan,
PROD-0973,CRGR401A,Kreg,Kreg Tool Company,Batteries & Chargers,nan,nan,
PROD-0974,48-59-1211,Milwaukee,Milwaukee Accessory,Batteries & Chargers,nan,nan,
PROD-0975,2847-20,Milwaukee,Milwaukee Accessory,Batteries & Chargers,nan,nan,
PROD-0976,DWV9401,DEWALT,Black & Decker/dewlt,nan,nan,5.0,
PROD-0977,578512,Festool,Festool USA,Dust Extractors,nan,nan,
PROD-0978,577871,Festool,Festool USA,Dust Extractors,nan,nan,
PROD-0979,577874,Festool,Festool USA,Dust Extractors,nan,nan,
PROD-0980,577876,Festool,Festool USA,Dust Extractors,nan,nan,
PROD-0981,578441,Festool,Festool USA,Dust Extractors,nan,nan,
PROD-0982,DCK225D2,DEWALT,Black & Decker/dewlt,Impact Drivers & Nailers,nan,nan,
PROD-0983,DCK2101QQ2,DEWALT,Black & Decker/dewlt,nan,nan,2.0,
PROD-0984,4000-2/32,Dremel,Robt Bosch Tool Corp,Rotary Tools,nan,nan,
PROD-0985,3100-1/15,Dremel,Robt Bosch Tool Corp,Rotary Tools,nan,15.0,
PROD-0986,T-90043,Makita,Makita Usa Inc,Tool Organizers & Boxes,nan,nan,
PROD-0987,T-90059,Makita,Makita Usa Inc,Tool Organizers & Boxes,nan,nan,
PROD-0988,T-90065,Makita,Makita Usa Inc,Tool Organizers & Boxes,nan,nan,
PROD-0989,10047VS,Oliver,Oliver Machinery Company,Planers & Jointers,nan,nan,
PROD-0990,MAG:2044-230-1,Steff,J&G Machinery,Planers & Jointers,nan,nan,
PROD-0991,XTP242,nan,Bow Products,Railing & Fence Kits,42 in,nan,
PROD-0992,AAS-P,nan,Woodpeckers Inc,Lumber & Building Supplies,nan,nan,
PROD-0993,SSCMS,nan,Woodpeckers Inc,Planers & Jointers,nan,nan,
PROD-0994,4225.201,Oliver,Oliver Machinery Company,Planers & Jointers,6 in,nan,
PROD-0995,KC-426C,nan,King Canada Inc,Planers & Jointers,12 in,nan,
PROD-0996,10045.201,Oliver,Oliver Machinery Company,Planers & Jointers,13 in,nan,
PROD-0997,10014.201,Oliver,Oliver Machinery Company,Planers & Jointers,15 in,nan,
PROD-0998,4430.201,Oliver,Oliver Machinery Company,Planers & Jointers,20 in,nan,
PROD-0999,10055.201,Oliver,Oliver Machinery Company,Planers & Jointers,15 in,nan,
PROD-1000,T27417,Grizzly,Woodstock Intl,nan,nan,nan,
